tree
version=v4
num_class=1
num_tree_per_iteration=1
label_index=0
max_feature_idx=30
objective=binary sigmoid:1
feature_names=Column_0 Column_1 Column_2 Column_3 Column_4 Column_5 Column_6 Column_7 Column_8 Column_9 Column_10 Column_11 Column_12 Column_13 Column_14 Column_15 Column_16 Column_17 Column_18 Column_19 Column_20 Column_21 Column_22 Column_23 Column_24 Column_25 Column_26 Column_27 Column_28 Column_29 Column_30
feature_infos=[41.657670902212288:150.97142091729776] [14.615884237648967:108.52892021148294] [5.0175571209787257:31.217367659376734] [87.221632394218446:103.059040253912] [35.823541949734683:39.762070722768925] [47.973536489885433:146.2713520835012] [0:10.676599703827724] [41.657670902212288:142.3787281592594] [47.973536489885433:150.97142091729776] [17.133249109000179:102.52042678114107] [0:10.642708450498684] [14.615884237648967:99.83281856431384] [6.8539624170495586:30.448077212292006] [35.952993787114714:39.613094822279166] [-22.173950426603618:19.559304097360538] [-25.208742980524121:30.658989230890967] [-6.3021857451310304:7.6647473077227417] [-23.308732488759077:20.625048511890682] [-29.010447322320651:20.733691429395378] [-7.2526118305801628:5.1834228573488446] [-8.0900780547776527:7.827702467287919] [-0.79261229297606661:0.89802458333738144] [-40.447040993772212:36.365261838032708] [0.48339672689753593:7.5090770106701727] [0.051007753339058333:0.34231911555039024] [39.476340539253272:133.16791891315756] [0:1] [0:7] [0:2] [0:4] [0:70]
tree_sizes=1683 1686 1708 1701 1689 1676 1693 1700 1698 1696 1694 1703 1701 1700 1699 1695 1709 1697 1697 1708 1701 1701 1711 1708 1701 1708 1700 1703 1707 1717 1702 1714 1712 1706 1710 1729 1717 1715 1715 1709 1729 1706 1719 1704 1713 1727 1722 1756 1724 1707 1735 1719 1720 1722 1750 1722 1738 1741 1720 1737 1728 1741 1724 1731 1737 1726 1744

Tree=0
num_leaves=15
num_cat=0
split_feature=15 19 15 19 15 3 24 2 1 19 0 22 15 11
split_gain=5801.09 868.512 362.605 191.771 181.568 133.461 133 129.761 99.9637 89.0607 74.9157 64.7228 61.4599 53.4157
threshold=6.4512798062694339 -0.18815171477994228 4.2448269725134162 -0.4200977585100602 10.643298199571193 94.02192139271402 0.18080696546122885 14.867656498808257 45.754085889878915 -1.9681546204486933 90.296616723665764 2.307622326263719 11.786383147490112 53.517532125289414
decision_type=2 2 2 2 2 2 2 2 2 2 2 2 2 2
left_child=2 4 8 7 6 12 10 -4 9 -1 -2 -9 -3 -5
right_child=1 5 3 13 -6 -7 -8 11 -10 -11 -12 -13 -14 -15
leaf_value=0.23151911454247487 -0.40000001801351742 -0.4000000180135172 -0.40000001801351742 0.016313958206952469 0.382698967559434 -0.40000001801351742 0.2654958800536204 0.26326558145862139 -0.38616917142452395 -0.40000001801351742 0.1082606478967001 -0.12022319951398616 0.34016200076954278 -0.40000001801351742
leaf_weight=20.22018726170063 21.550051257014275 6.0649844855070141 18.582080125808716 15.336303666234015 966.64112868905067 75.23161606490612 134.31494633853436 77.009482353925705 923.25766448676586 16.001235663890839 25.123791739344597 22.82075260579586 17.252216130495071 62.84356264770031
leaf_count=37 167 47 144 59 399 583 203 118 7035 124 75 117 14 487
internal_value=-2.16162e-08 0.299349 -0.322681 -0.0752304 0.348276 -0.270425 0.16443 0.0852743 -0.373383 -0.0474618 -0.126411 0.175602 0.14764 -0.318333
internal_weight=2402.25 1246.18 1156.07 196.592 1147.63 98.5488 180.989 118.412 959.479 36.2214 46.6738 99.8302 23.3172 78.1799
internal_count=9609 1488 8121 925 844 644 445 379 7196 161 242 235 61 546
is_linear=0
shrinkage=1


Tree=1
num_leaves=15
num_cat=0
split_feature=15 13 19 21 21 19 21 15 3 24 3 15 6 15
split_gain=3867.4 744.538 372.179 170.625 113.27 97.3338 93.2626 67.7839 83.9926 57.1847 48.1368 46.0367 40.0654 33.9075
threshold=5.2522572003971257 36.956378093541083 -0.18815171477994228 0.34895330259643137 0.26446096808033209 -0.94688586094837912 0.3630530141336053 10.406861862533775 98.247505976782961 0.16743461607679391 91.405130201332909 21.119810893080146 4.28432768075547 16.364333025711108
decision_type=2 2 2 2 2 2 2 2 2 2 2 2 2 2
left_child=3 6 7 10 13 9 11 8 -3 -5 -1 -2 -6 -4
right_child=1 2 4 5 12 -7 -8 -9 -10 -11 -12 -13 -14 -15
leaf_value=0.052156807495187842 -0.36964017014581652 0.22448650723832986 -0.33959918283465473 -0.33788692569801088 -0.33406400998544405 -0.25320659868031531 0.19767896606272828 0.32433857308135472 -0.38276940249275626 0.28194779494356476 -0.325117962965768 0.33640362986914174 0.33487058671792957 0.21859147219402142
leaf_weight=13.731513090431688 92.420396834611893 185.87808853387833 52.656284719705582 7.0895061343908301 4.3405292928218868 38.175543427467346 14.810873821377752 925.78349354863167 9.5803990215063077 37.16241343319416 911.04266721010208 3.8478336334228507 20.480086296796799 4.7453107535839072
leaf_count=49 740 298 424 57 35 277 28 347 76 55 7202 1 12 8
internal_value=-4.88205e-05 0.225896 0.271625 -0.29494 -0.139094 -0.0192156 -0.269538 0.301743 0.194722 0.182645 -0.319516 -0.34142 0.21789 -0.293454
internal_weight=2321.74 1314.54 1203.46 1007.2 82.2222 82.4275 111.079 1121.24 195.458 44.2519 924.774 96.2682 24.8206 57.4016
internal_count=9609 1969 1200 7640 479 389 769 721 374 112 7251 741 47 432
is_linear=0
shrinkage=0.2


Tree=2
num_leaves=15
num_cat=0
split_feature=15 15 18 13 24 18 23 13 5 14 18 22 22 13
split_gain=2728.06 452.585 240.983 133.329 88.2181 68.9395 65.2324 62.4379 61.9945 54.1132 52.9328 49.3922 37.0689 32.3589
threshold=10.406861862533775 4.2448269725134162 -3.5213098204112963 36.923214231249297 0.19431674713836358 -7.5991976432511512 1.1874909846243786 37.018294723974002 112.59839544957751 5.0769809877078282 -1.6189564005876489 1.830680060558848 -12.840599669838673 36.899911315767568
decision_type=2 2 2 2 2 2 2 2 2 2 2 2 2 2
left_child=1 5 4 -2 6 8 -3 -4 12 -9 -5 -12 -1 -6
right_child=3 2 7 10 13 -7 -8 9 -10 -11 11 -13 -14 -15
leaf_value=0.11088992917673864 -0.23179462286572658 -0.35001559136186566 -0.31074047267513294 0.28628305618695521 -0.37100790750812918 -0.29494151779471117 0.068918701199647922 0.0066327280190294439 0.28786945683211362 -0.33211504659635116 0.19063851841365348 -0.34811178077536925 -0.23581956106873492 0.25133848191815988
leaf_weight=14.731033124029635 21.112717732787132 19.506797768175602 82.744326800107956 848.84404622018337 3.4335292875766745 748.51887881010771 62.509267538785934 76.633054971694946 12.984235778450964 25.022058553993702 21.939899913966659 9.8684821650385839 75.835322439670563 125.18113447725773
leaf_count=65 147 162 719 340 27 6522 211 341 14 215 40 85 595 126
internal_value=-0.000122359 -0.191746 -0.0147953 0.264884 0.131364 -0.273782 -0.0307211 -0.181746 -0.120831 -0.0767489 0.276791 0.0234924 -0.179426 0.234724
internal_weight=2148.86 1247.1 395.03 901.765 210.631 852.069 82.0161 184.399 103.551 101.655 880.652 31.8084 90.5664 128.615
internal_count=9609 8997 1801 612 526 7196 373 1275 674 556 465 125 660 153
is_linear=0
shrinkage=0.2


Tree=3
num_leaves=15
num_cat=0
split_feature=16 16 21 13 13 19 21 19 19 13 19 11 13 19
split_gain=1988.98 345.507 264.366 97.8542 94.8414 69.8728 63.3977 72.7282 55.1761 45.3109 41.6336 39.9687 38.9717 35.1432
threshold=2.6017154656334438 1.0612067431283541 0.18786245693051742 36.923214231249297 37.090064421906781 -0.22172281941424996 0.35530611554944264 -2.4054728231423259 -0.74398667037747834 37.231685393889229 -0.40473910014691222 83.61146718284057 37.551021417016493 -4.6463503916525699
decision_type=2 2 2 2 2 2 2 2 2 2 2 2 2 2
left_child=1 6 4 -2 -3 -6 13 -8 -4 -10 -5 -9 -12 -1
right_child=3 2 8 10 5 -7 7 11 9 -11 12 -13 -14 -15
leaf_value=0.300825870896543 -0.1927819146694694 -0.30080989635189359 0.24638999981799797 0.2601720383108676 0.062348291173277816 -0.29084379606219496 0.30222440640417442 -0.28558500350810695 -0.29206780276660749 0.15377601265073104 -0.3148387331629911 0.30028732039250206 0.17543315654756061 -0.26726048930929169
leaf_weight=4.3829262331128112 20.387022562325001 99.988960444927216 122.36787766963243 757.01809270679951 82.522123508155346 30.755224846303463 17.098218984901905 31.020719066262245 15.549757964909075 22.04390686750412 9.5073985010385531 5.4806424006819716 20.403211042284966 704.9170465990901
leaf_count=5 147 934 125 340 250 283 20 292 147 62 87 22 38 6857
internal_value=-0.000201719 -0.170758 -0.0130726 0.23982 -0.158851 -0.0335447 -0.247901 -0.0381679 0.181284 -0.0306371 0.251028 -0.197617 0.0195951 -0.26375
internal_weight=1943.44 1136.13 373.228 807.316 213.266 113.277 762.9 53.5996 159.962 37.5937 786.929 36.5014 29.9106 709.3
internal_count=9609 8997 1801 612 1467 533 7196 334 334 209 465 314 125 6862
is_linear=0
shrinkage=0.2


Tree=4
num_leaves=15
num_cat=0
split_feature=4 18 4 13 0 6 2 11 6 13 23 7 4 0
split_gain=1607.03 303.713 88.4696 110.395 81.4721 70.5013 47.7392 44.8729 42.9731 59.2976 30.2681 50.8337 40.7235 26.8327
threshold=37.333454775692012 -1.3710993463186154 37.166300046183906 37.151035545940296 71.694966494347327 4.0650895768313591 19.380004172796038 45.520432143976137 3.2903937741780243 38.482105941361446 1.0758181474038322 89.55483550125939 37.718303801818642 80.083176445493436
decision_type=2 2 2 2 2 2 2 2 2 2 2 2 2 2
left_child=2 4 -1 5 6 7 -2 -4 9 -6 -3 12 -12 -7
right_child=1 10 3 -5 8 13 -8 -9 -10 -11 11 -13 -14 -15
leaf_value=-0.25504639143436314 -0.28242764736782183 -0.26291134988400461 0.28849612461716995 -0.28506581757748201 0.1425685554994944 -0.084049480079346428 0.22822028929632673 -0.28340400577913677 0.23793657252602574 -0.41955598533555705 -0.11468694693600481 -0.28174923088208548 0.22757536421293167 0.28107437641967287
leaf_weight=601.224948823452 20.730726502835751 41.767131164669991 6.9556565061211577 61.888827048242092 71.228390038013458 9.9576615095138532 11.322784662246702 26.006307229399681 742.79080606997013 8.3906509801745397 28.078989237546921 26.503571033477783 27.548183917999268 42.043657541275024
leaf_count=6498 219 457 3 669 204 69 14 279 508 83 228 276 58 44
internal_value=-0.000384825 0.168344 -0.221054 -0.0818888 0.210777 0.0661091 -0.102043 -0.162721 0.222969 0.0833291 -0.124291 -0.0537967 0.0548112 0.211157
internal_weight=1726.44 978.361 748.077 146.852 854.463 84.9633 32.0535 32.962 822.41 79.619 123.898 82.1307 55.6272 52.0013
internal_count=9609 2047 7562 1064 1028 395 233 282 795 287 1019 562 286 113
is_linear=0
shrinkage=0.2


Tree=5
num_leaves=15
num_cat=0
split_feature=4 15 4 13 18 18 18 9 7 2 9 1 15 12
split_gain=1204.4 372.148 69.1169 85.73 50.9972 50.8162 50.7271 32.2507 27.1995 25.32 13.7996 32.4298 13.3247 12.8434
threshold=37.333454775692012 4.2448269725134162 37.166300046183906 37.093429322305411 -7.8726184817947731 -2.1293039279456774 -0.69322182703169932 65.397867549392188 89.76376216093 19.380004172796038 86.282572918788588 84.398771985384073 21.119810893080146 25.118253732531567
decision_type=2 2 2 2 2 2 2 2 2 2 2 2 2 2
left_child=2 4 -1 5 9 -4 13 8 -8 -2 -6 -12 -5 -3
right_child=1 6 3 12 10 -7 7 -9 -10 -11 11 -13 -14 -15
leaf_value=-0.23809823427029908 -0.27223225100672038 0.22830797769727137 0.19311084602924886 -0.24353654267895122 -0.25255901580009887 -0.25141024510922366 0.2201414546835436 -0.26711758422945275 -0.28694737548767124 0.17796523815290977 0.41653728062877093 -0.25499356170655335 0.2431097915094981 0.12191249866182428
leaf_weight=523.53708798438311 6.437819346785548 651.60132773965597 47.89289453625679 67.201234616339207 88.723367363214493 13.100548036396502 20.69750585407019 13.222839519381521 5.3182857483625403 22.329143196344376 4.3104417175054541 8.6472845897078496 2.3285350799560538 48.780418694019318
leaf_count=6498 69 427 107 793 1081 163 29 145 53 49 7 106 1 81
internal_value=-0.000579554 0.153568 -0.205636 -0.075426 -0.157888 0.0976339 0.2085 -0.0127869 0.11648 0.0772146 -0.224402 -0.031606 -0.227239 0.220898
internal_weight=1524.13 870.068 654.06 130.523 130.448 60.9934 739.62 39.2386 26.0158 28.767 101.681 12.9577 69.5298 700.382
internal_count=9609 2047 7562 1064 1312 270 735 227 82 118 1194 113 794 508
is_linear=0
shrinkage=0.2


Tree=6
num_leaves=15
num_cat=0
split_feature=4 15 6 4 19 19 19 25 25 6 1 15 9 4
split_gain=911.734 283.064 62.4248 84.214 51.7065 41.0103 39.897 36.0686 29.7521 22.4094 20.4367 15.9421 34.8988 13.9621
threshold=37.333454775692012 4.2448269725134162 4.0650895768313591 37.070953857015994 -0.22172281941424996 -0.34277483657965385 -1.9681546204486933 78.393601141250414 87.581555009019709 4.1196213590738129 45.754085889878915 10.885213757044943 43.540982745053221 37.166300046183906
decision_type=2 2 2 2 2 2 2 2 2 2 2 2 2 2
left_child=2 6 10 -4 7 11 8 -5 -2 -7 13 12 -3 -1
right_child=1 5 3 4 -6 9 -8 -9 -10 -11 -12 -13 -14 -15
leaf_value=-0.26122166699304011 -0.27941185684045627 -0.68862603489340835 -0.22361955378282294 -0.15062539644652828 -0.23864114281495785 -0.16272528959151678 -0.2124042248427061 0.21471805425722623 0.19234475238652957 0.12887338507712667 -0.24325928246233977 0.22486232900312714 0.15926413870145892 0.25938063823788504
leaf_weight=3.28945793956518 7.3231555074453381 1.9704324826598156 93.730559412389994 13.71233272179961 18.897889029234648 18.254932191222906 87.711973555386066 51.050905708223581 19.819948174059391 24.950190149247646 384.30301523208618 467.93599908798933 133.34120973944664 5.5160777568817139
leaf_count=42 83 19 1314 128 280 174 1194 100 35 74 5696 276 192 2
internal_value=-0.000755465 0.142493 -0.191915 -0.0934298 0.0524295 0.193898 -0.146831 0.137364 0.0650658 0.00566776 -0.236357 0.207379 0.146917 0.0649008
internal_weight=1331.81 761.308 570.5 177.392 83.6611 646.453 114.855 64.7632 27.1431 43.2051 393.109 603.248 135.312 8.80554
internal_count=9609 2047 7562 1822 508 735 1312 228 118 248 5740 487 211 44
is_linear=0
shrinkage=0.2


Tree=7
num_leaves=15
num_cat=0
split_feature=18 6 13 6 0 21 21 0 21 3 6 21 0 14
split_gain=543.004 154.787 112.261 62.2124 57.0305 43.4959 37.9862 30.7527 30.5107 24.3978 36.9562 24.087 21.1197 14.9548
threshold=-6.7623191573597792 5.4054154942943642 36.899911315767568 3.2213145776895362 79.783089536351056 0.38049895028191122 0.060749251689472324 82.684124300998846 0.016746998426974361 95.607640223402043 4.28432768075547 -0.29877743529259598 78.080551984372349 -1.377199849230706
decision_type=2 2 2 2 2 2 2 2 2 2 2 2 2 2
left_child=2 5 -1 6 -3 9 -4 -7 -6 10 -2 -5 -13 -8
right_child=1 4 3 11 8 7 13 -9 -10 -11 -12 12 -14 -15
leaf_value=-0.24110082817674866 -0.18457173726818707 -0.24929039028928976 -0.28028667337911395 -0.54553622074847341 -0.11201155341810075 -0.2492061029553205 -0.28466126328133118 0.1365630969074188 0.19418143463576079 -0.21733569406951744 0.034926906715413111 0.013284965590511537 0.2116882869553435 0.12512784132659546
leaf_weight=27.636856365948915 103.74183025211096 17.233388360589743 16.615034475922585 1.7340673096477974 15.480978790670632 11.51890607178211 3.9786425307393065 29.269268304109573 81.797166295349598 334.59067169576883 43.567144498229027 22.640897709876299 411.80270994082093 34.033588219434023
leaf_count=433 1518 292 242 22 158 174 56 103 150 5547 288 137 378 111
internal_value=-0.000891675 -0.124553 0.151096 0.17318 0.0860466 -0.170691 -0.0280261 0.0276188 0.145453 -0.187476 -0.119654 0.198379 0.201349 0.0822363
internal_weight=1155.64 637.199 518.442 490.805 114.512 522.688 54.6273 40.7882 97.2781 481.9 147.309 436.178 434.444 38.0122
internal_count=9609 8230 1379 946 600 7630 409 277 308 7353 1806 537 515 167
is_linear=0
shrinkage=0.2


Tree=8
num_leaves=15
num_cat=0
split_feature=16 21 16 0 13 16 3 10 3 13 18 21 21 6
split_gain=558.952 132.373 76.3394 38.4925 32.1021 28.6717 44.4742 35.1105 22.009 16.1933 15.5786 21.2337 16.5189 15.3879
threshold=2.6017154656334438 0.18786245693051742 1.0612067431283541 90.568795068644334 36.956378093541083 1.399855216924655 96.267709835656447 2.7954135277498469 96.458384407177675 36.797491657393593 -2.3021845268169474 0.02575592294442686 -0.3164067970990771 6.284190854948835
decision_type=2 2 2 2 2 2 2 2 2 2 2 2 2 2
left_child=1 5 3 -3 13 -1 7 -7 -5 -4 12 -12 -6 -2
right_child=4 2 9 8 10 6 -8 -9 -10 -11 11 -13 -14 -15
leaf_value=-0.21501514067150618 -0.24956690895313491 -0.21163486864770353 -0.24650714429551124 0.15067338634105087 -0.68515119323488294 -0.31902907862498309 -0.26934822762938787 0.081244670073265024 -0.23748202073847771 0.14602387648294635 -0.31915360989656522 0.13320735663605904 0.20408822671140908 0.16661928207977938
leaf_weight=317.5890741571784 10.003660626709459 61.397820308804512 4.3870653808116904 24.552590485662222 0.83752018213271995 10.59256226941943 35.361440762877464 50.823220495134592 7.6680806912481776 100.66501909121871 5.2270437516272095 20.155752535909414 366.47573278099298 5.5113576389849177
leaf_count=6311 149 1132 69 110 8 158 568 247 137 265 70 57 313 15
internal_value=-0.00088202 -0.121622 0.0125964 -0.118732 0.180441 -0.185974 -0.0906697 0.0122083 0.0582977 0.129631 0.191589 0.0400533 0.202061 -0.101726
internal_weight=1021.25 613.037 198.671 93.6185 408.211 414.366 96.7772 61.4158 32.2207 105.052 392.696 25.3828 367.313 15.515
internal_count=9609 8997 1713 1379 612 7284 973 405 247 334 448 127 321 164
is_linear=0
shrinkage=0.2


Tree=9
num_leaves=15
num_cat=0
split_feature=4 16 6 4 13 16 0 21 18 6 21 1 25 4
split_gain=448.25 142.806 42.5975 48.5871 32.987 30.6838 30.5479 30.0904 23.8483 21.1776 20.9986 16.5147 16.0964 11.8887
threshold=37.333454775692012 1.0612067431283541 4.0650895768313591 37.070953857015994 37.151035545940296 3.0295172807436743 120.61843665660182 0.37111312122754475 -0.88689127765699982 7.5503942356200637 0.18786245693051742 45.754085889878915 83.004347203229614 38.891351129658581
decision_type=2 2 2 2 2 2 2 2 2 2 2 2 2 2
left_child=2 7 11 -4 8 6 10 13 -5 -8 -3 -1 -9 -2
right_child=1 5 3 4 -6 -7 9 12 -10 -11 -12 -13 -14 -15
leaf_value=0.094575315072971414 -0.23011417780928181 0.015659168769320466 -0.20156890236875796 0.16408854100531139 -0.26067105769818932 0.20285383684566227 -0.6201733470521642 -0.25144615917310892 -0.22708196965106892 0.21196780423941985 0.16949333713081208 -0.22644013635221674 0.19860095974417782 0.0080279086826755674
leaf_weight=6.5880904681980601 52.348393771797419 58.131373047828674 62.208046043291688 46.440191686153412 11.577400263398884 283.99491798505187 3.9380144998431197 4.083474442362788 7.2009238153696051 1.7745982035994528 91.14065558090806 237.52598099410534 14.349690243601797 9.9847463313490135
leaf_count=44 1118 271 1314 134 222 274 47 71 152 2 141 5696 36 87
internal_value=-0.00109484 0.118824 -0.168849 -0.0751178 0.0454964 0.163792 0.0922151 -0.125583 0.111577 -0.361672 0.109585 -0.217777 0.0989026 -0.191968
internal_weight=891.286 519.746 371.541 127.427 65.2185 438.98 154.985 80.7663 53.6411 5.71261 149.272 244.114 18.4332 62.3331
internal_count=9609 2047 7562 1822 508 735 461 1312 286 49 412 5740 107 1205
is_linear=0
shrinkage=0.2


Tree=10
num_leaves=15
num_cat=0
split_feature=4 15 6 4 18 7 20 25 25 3 20 18 18 1
split_gain=345.257 108.455 37.478 37.0127 32.2937 30.361 22.8359 21.743 18.845 18.1253 16.6176 15.8425 14.8018 14.0311
threshold=37.333454775692012 4.2448269725134162 4.0650895768313591 37.070953857015994 -5.90312484813058 106.71088002004166 -1.8589372325715485 78.393601141250414 83.004347203229614 93.325041543016042 1.3206972966962953 -0.8064019666704495 -9.4831135084347569 45.754085889878915
decision_type=2 2 2 2 2 2 2 2 2 2 2 2 2 2
left_child=2 8 13 -4 -3 6 -6 9 -2 -5 12 -9 -10 -1
right_child=1 4 3 7 5 -7 -8 11 10 -11 -12 -13 -14 -15
leaf_value=0.077194776217228589 -0.22256682479431156 0.18820632320358674 -0.18952890906118319 0.22872038865909647 -0.39941255122747471 -0.38004668840874922 0.10327608710976724 0.15713764320598012 0.13353475044142568 -0.27127420033502953 0.13577316206116838 -0.22221826599352942 -0.24592626818801067 -0.22207031277962677
leaf_weight=6.4716274850070468 34.745459612458944 276.31774734705687 53.835678223520517 3.7616521082818535 3.75023528933525 5.9333872608840457 100.06430159881711 38.299342595040798 5.7618034034967449 12.662430377677081 16.011375462636352 4.9754818845540276 14.359224759042261 197.89699933305383
leaf_count=44 898 323 1314 6 46 62 304 100 14 278 102 124 298 5696
internal_value=-0.00135243 0.110003 -0.16141 -0.0692777 0.151752 0.0599683 0.0851168 0.0391632 -0.117402 -0.156759 -0.0162733 0.113522 -0.137265 -0.212594
internal_weight=774.847 456.944 317.903 113.535 386.066 109.748 103.815 59.6989 70.8779 16.4241 36.1324 43.2748 20.121 204.369
internal_count=9609 2047 7562 1822 735 412 350 508 1312 284 414 224 312 5740
is_linear=0
shrinkage=0.2


Tree=11
num_leaves=15
num_cat=0
split_feature=15 21 19 15 3 5 24 19 20 15 11 10 3 6
split_gain=271.17 73.2074 35.833 26.4079 32.8707 27.0252 22.4708 26.5982 18.5125 16.1928 15.9278 13.4783 12.9336 11.0683
threshold=10.406861862533775 0.16735635204742041 -1.2511915397745221 5.2522572003971257 96.267709835656447 99.481682724412323 0.18190954031614492 -2.0561004676633039 -1.2844583896188506 4.316840424004039 83.61146718284057 3.6518136901007696 94.53687807203697 6.4990217580758864
decision_type=2 2 2 2 2 2 2 2 2 2 2 2 2 2
left_child=1 3 8 -1 5 -5 7 -2 -3 10 -4 -10 -11 -9
right_child=6 2 9 4 -6 -7 -8 13 11 12 -12 -13 -14 -15
leaf_value=-0.21195618825192886 0.16223657852589679 -0.19494179655956745 -0.21799294260414151 0.060073827112798163 -0.25815146903252167 -0.44889974378881342 0.17933168728474014 -0.3053631767131158 -0.01058528948294999 -0.37994242444053039 0.13707402416568562 0.18894617846947331 0.044572235833498834 0.093430452484875845
leaf_weight=176.26397806033492 18.293604768812656 7.5315041691064826 37.914754141122103 48.863010134547949 25.840670375153422 4.5625398308038703 229.73071408085525 10.642741113901137 18.519636979326606 3.1348270438611499 5.8306945543736211 50.378965249285102 34.077432837337255 3.7699556276202193
leaf_count=5985 33 102 1226 359 631 66 383 181 150 40 54 134 250 15
internal_value=-0.00171607 -0.10275 0.00455317 -0.16884 -0.0729635 0.0166075 0.15725 0.00214696 0.102769 -0.0881702 -0.170667 0.135313 0.00881036 -0.20105
internal_weight=675.355 412.918 157.388 255.53 79.2662 53.4255 262.437 32.7063 76.4301 80.9577 43.7454 68.8986 37.2123 14.4127
internal_count=9609 8997 1956 7041 1056 425 612 229 386 1570 1280 284 290 196
is_linear=0
shrinkage=0.2


Tree=12
num_leaves=15
num_cat=0
split_feature=4 15 19 22 15 3 6 23 23 11 8 20 15 2
split_gain=220.556 92.6431 36.5409 29.5731 26.8951 23.3945 17.9409 24.1449 16.6719 10.8138 6.00834 5.49217 4.90859 5.31822
threshold=37.166300046183906 12.118069122974697 -1.7671182712542748 9.9269307577594521 4.2448269725134162 97.961300660096811 5.5178422843379211 1.5037687539436211 0.98853772910388737 83.61146718284057 72.938173624062344 -4.7742277599024723 13.142871872664502 20.64133610754924
decision_type=2 2 2 2 2 2 2 2 2 2 2 2 2 2
left_child=6 2 3 8 9 -6 12 -8 -2 -4 -3 -12 -1 -14
right_child=1 10 4 -5 5 -7 7 -9 -10 -11 11 -13 13 -15
leaf_value=-0.2180760686824085 -0.30508807179267494 -0.43191197091855904 -0.21521375409778734 -0.42196677652372006 0.027881780395749556 -0.33748961520620752 -0.23311091392361669 0.2040593231120664 0.14171357009446514 0.045205850750192303 -1.9794699070435862 0.18548955438104872 -0.2432658992833161 0.22254459282787523
leaf_weight=152.37003271467984 3.4882237669080487 0.63378856331109901 46.625335793942213 4.1886953618377438 85.322154525667429 7.6372187156230202 9.9981058612465876 10.217886250466107 78.898847416043282 7.3888453710824242 0.046882919967173531 184.34163934364915 1.8185257874429219 2.1272759102284908
leaf_count=6082 81 9 1752 58 461 120 333 38 222 125 1 282 42 3
internal_value=-0.00195857 0.0771129 -0.00663505 0.0964396 -0.0673519 -0.00213586 -0.189444 -0.0121494 0.122796 -0.17959 0.182826 0.184939 -0.212373 0.00786366
internal_weight=595.103 418.572 233.549 86.5758 146.974 92.9594 176.532 20.216 82.3871 54.0142 185.022 184.389 156.316 3.9458
internal_count=9609 3111 2819 361 2458 581 6498 371 303 1877 292 283 6127 45
is_linear=0
shrinkage=0.2


Tree=13
num_leaves=15
num_cat=0
split_feature=15 21 6 15 0 22 19 20 8 2 19 20 1 21
split_gain=162.758 58.109 33.1156 33.0287 26.6981 24.8989 21.9526 17.7305 13.6396 10.3091 9.23629 14.2951 9.16076 8.42594
threshold=12.118069122974697 0.16735635204742041 4.437598518931158 5.2522572003971257 73.116090329224349 6.8753916637455115 0.29677025729425038 1.2910372248367843 73.376133909486938 20.138522413233467 -0.98131942103715886 -0.83891931475776083 41.553255730050751 -0.3164067970990771
decision_type=2 2 2 2 2 2 2 2 2 2 2 2 2 2
left_child=1 2 -1 -4 9 -5 7 -6 -8 -3 13 -12 -13 -2
right_child=10 4 3 5 6 -7 8 -9 -10 -11 11 12 -14 -15
leaf_value=-0.19917536772843181 -0.91434968109074244 -0.25110767333387518 -0.22520697203590695 0.14678482627761655 0.0058340641065220758 -0.2248121846841615 0.25604874283819812 0.16906168715012074 -0.23138326708141574 0.076210895251668409 -0.45643004210894883 -1.0577630914731855 0.1100227672447841 0.18484679890037981
leaf_weight=143.84661747515202 0.27951014786958595 17.806627953425053 22.738292826339602 35.419588160701096 52.007001568563282 9.0569620542228204 2.7291810512542751 54.528944842517376 14.478800029493867 4.9102959707379332 2.0524873258546021 0.27207408845424907 21.657439427450299 139.39007307589054
leaf_count=5968 4 660 948 140 547 149 1 203 527 70 41 4 95 252
internal_value=-0.00223818 -0.0778551 -0.145022 -0.0291287 0.0189379 0.0711148 0.0555245 0.0893799 -0.154077 -0.180357 0.162959 0.0482947 0.0955343 0.182647
internal_weight=521.174 357.522 211.061 67.2148 146.461 44.4766 123.744 106.536 17.208 22.7169 163.652 23.982 21.9295 139.67
internal_count=9609 9213 7205 1237 2008 289 1278 750 528 730 396 140 99 256
is_linear=0
shrinkage=0.2


Tree=14
num_leaves=15
num_cat=0
split_feature=4 16 18 3 20 6 1 13 6 18 30 30 8 16
split_gain=145.354 59.432 25.4105 23.4683 19.8745 13.1149 18.4195 8.62902 14.3322 19.4584 4.81953 5.37927 3.40304 3.32355
threshold=37.166300046183906 3.1608081972592683 1.1870810291770015 98.276159325112062 -1.2844583896188506 5.5178422843379211 58.207926928331993 38.482105941361446 5.1459269692323337 -8.5606759018935303 52.500000000000007 53.500000000000007 72.938173624062344 3.2857179681661255
decision_type=2 2 2 2 2 2 2 2 2 2 2 2 2 2
left_child=5 2 3 4 -2 13 -7 12 9 -9 -4 -12 -3 -1
right_child=1 7 10 -5 -6 6 -8 8 -10 -11 11 -13 -14 -15
leaf_value=-0.21490049328139499 -0.14188184244849095 -0.37729103566410327 -0.22250252214904709 -0.27531402017286039 0.069927474390997862 0.1773719828211798 -0.25102504575676282 0.070477748137071125 0.14035091853626652 -0.85184634195865283 0.19337826039011941 -0.21844847489252253 0.19509089248317005 -0.010576151842378971
leaf_weight=107.58350488636643 20.113108825869858 0.41702729230746527 21.715119757689539 9.6903203427791578 148.93664844799787 8.8828170988708752 7.3253784030675879 2.2601552642881875 12.59970600530505 1.5372698251158023 2.6191968582570544 2.460507401265204 112.36522642709315 3.2814829135313621
leaf_count=6082 374 7 970 281 1103 50 321 7 30 19 10 99 211 45
internal_value=-0.00217626 0.0669609 0.000148541 0.0273761 0.0447269 -0.184285 -0.0162443 0.173265 0.0376989 -0.302897 -0.181478 -0.00610239 0.192974 -0.208853
internal_weight=461.787 334.714 205.535 178.74 169.05 127.073 16.2082 129.179 16.3971 3.79743 26.7948 5.0797 112.782 110.865
internal_count=9609 3111 2837 1758 1477 6498 371 274 56 26 1079 109 218 6127
is_linear=0
shrinkage=0.2


Tree=15
num_leaves=15
num_cat=0
split_feature=15 18 24 13 1 1 18 13 13 2 12 13 11 24
split_gain=100.178 39.3227 22.308 22.292 17.2751 17.0193 16.6177 9.65075 13.8317 10.6301 9.63554 18.0863 11.4309 10.6663
threshold=4.2448269725134162 -7.0684730850170991 0.151561250122524 38.419501581872119 82.927597879874142 65.680638061170725 -7.5991976432511512 36.965098418370403 36.910277955154179 24.803568150157862 25.118253732531567 38.482105941361446 28.671987102491293 0.19184306439038903
decision_type=2 2 2 2 2 2 2 2 2 2 2 2 2 2
left_child=6 10 -3 4 -4 -5 7 8 -1 -9 13 -12 -13 -2
right_child=1 2 3 5 -6 -7 -8 9 -10 -11 11 12 -14 -15
leaf_value=-0.20902625680266274 0.03729190567868889 -0.22181225963829385 0.060987810562404446 -0.40696259821097291 -0.31592658967587406 0.17523696183183859 -0.19145291567377187 -0.26211124319198842 0.21689082817850977 0.088063056199850831 0.13562880163954957 0.057917953120854494 -0.69790654891586301 0.18133654214368555
leaf_weight=4.2899416303262141 25.568217363208532 17.523744055069983 110.60228358861059 7.8921336177736503 5.0877761924639335 2.6940301656723022 96.045702853240073 9.4723162613809091 10.551144421100615 5.470087017863988 7.2052440084516984 1.2624304443597796 2.1868750657886267 105.03610959462821
leaf_count=278 198 579 1088 98 156 5 6522 326 49 21 18 4 22 245
internal_value=-0.00234067 0.0632706 -0.0103523 0.0189926 0.044412 -0.258801 -0.150979 -0.0204594 0.0937759 -0.13392 0.138218 -0.0446643 -0.421278 0.153137
internal_weight=410.888 285.059 143.8 126.276 115.69 10.5862 125.829 29.7835 14.8411 14.9424 141.259 10.6545 3.44931 130.604
internal_count=9609 2413 1926 1347 1244 103 7196 674 327 347 487 44 26 443
is_linear=0
shrinkage=0.2


Tree=16
num_leaves=15
num_cat=0
split_feature=15 15 22 6 12 9 2 18 27 9 9 18 10 20
split_gain=80.2857 32.3127 26.6106 21.9507 14.9811 14.3168 20.164 13.5001 7.79704 7.67976 12.9528 7.21794 7.15544 5.62894
threshold=12.643232789037073 4.2448269725134162 7.6813461702158472 4.8680765071974372 25.118253732531567 72.066408697318607 21.517475368258882 -7.5991976432511512 4.5000000000000009 86.282572918788588 86.687261407734908 -2.3021845268169474 3.1919332636381754 5.2653954219507382
decision_type=2 2 2 2 2 2 2 2 2 2 2 2 2 2
left_child=1 7 3 4 -3 13 -7 8 12 -9 -11 -2 -1 -4
right_child=11 2 5 -5 -6 6 -8 9 -10 10 -12 -13 -14 -15
leaf_value=-0.24562284702001597 0.16464182203216182 -0.0069221873635841973 -0.32389173768675589 0.14799220991923626 -0.4556505920867151 -0.20351764213569423 0.23550649760574807 -0.20695716032546582 -0.25052078874818307 0.26304964419026561 -0.214191417136121 -0.030071540320427383 0.079597641444582479 0.13111346438586222
leaf_weight=3.1750607374124291 93.812662474811077 77.535266725346446 15.524458194617184 46.848393753636628 3.0948042562231413 10.813277987763287 6.8264107713475815 71.850315189454705 4.7937277522869399 3.9155474165454489 5.4288236321881413 8.287980070570482 18.320408137980849 1.1694906055927266
leaf_count=161 269 1175 366 184 39 269 13 6126 212 25 371 91 301 7
internal_value=-0.00218269 -0.0594398 -0.00297631 0.0391151 -0.0241456 -0.159259 -0.033619 -0.144443 -0.0198764 -0.184775 -0.0142143 0.148836 0.0315599 -0.292016
internal_weight=371.397 269.296 161.812 127.478 80.6301 34.3336 17.6397 107.484 26.2892 81.1947 9.34437 102.101 21.4955 16.6939
internal_count=9609 9249 2053 1398 1214 655 282 7196 674 6522 396 360 462 373
is_linear=0
shrinkage=0.2


Tree=17
num_leaves=15
num_cat=0
split_feature=4 15 21 3 11 23 4 12 6 24 6 1 1 18
split_gain=87.0725 31.8193 18.0202 16.518 15.0975 14.735 13.4598 8.48646 16.7802 12.8879 8.25416 12.1204 2.60511 2.5648
threshold=37.166300046183906 12.643232789037073 -0.044996329959921859 98.276159325112062 67.064348125761086 0.95348573782800461 37.555637523254411 24.662105500599903 5.7836068753321781 0.30185063903982756 5.5178422843379211 58.207926928331993 56.051673964481949 -11.754558164526133
decision_type=2 2 2 2 2 2 2 2 2 2 2 2 2 2
left_child=10 2 4 5 -2 -4 -6 -3 9 -9 -1 12 13 -12
right_child=1 7 3 -5 6 -7 -8 8 -10 -11 11 -13 -14 -15
leaf_value=-0.20593996472559217 -0.30443595805033774 0.17818093206537311 -0.18139841446866448 -0.26235947459617831 -0.24679821803698387 0.069107795831763866 0.15293245285402546 -1.0316418446353259 0.13408002813813535 -0.073098771829635367 0.21279905985342218 -0.26346875244622459 0.22483494191548875 -0.2337923457383857
leaf_weight=70.939707670826465 12.549617476761343 75.475400568451732 10.161248675081877 7.1242021028883746 5.5278802551329127 124.12191905779764 8.6296913186088187 1.0063128694891912 6.4909184034913778 1.268121600151062 0.90229898691177401 5.0140248360112309 4.8595304060727358 1.1965020271018127
leaf_count=6127 442 229 474 329 332 1195 65 16 22 7 1 321 11 38
internal_value=-0.00219936 0.0562228 0.00595064 0.0344074 -0.14472 0.0501519 -0.00314398 0.156548 -0.029725 -0.497202 -0.180016 -0.0264084 0.144412 -0.0417975
internal_weight=335.267 252.355 168.115 141.407 26.7072 134.283 14.1576 84.2408 8.76535 2.27443 82.9121 11.9724 6.95833 2.0988
internal_count=9609 3111 2837 1998 839 1669 397 274 45 23 6498 371 50 39
is_linear=0
shrinkage=0.2


Tree=18
num_leaves=15
num_cat=0
split_feature=4 16 14 23 12 10 8 13 25 20 6 18 10 6
split_gain=67.7568 26.0348 16.5718 20.5043 18.9855 17.2443 12.2503 8.3515 8.74591 7.64623 8.67615 7.61528 5.43266 4.48781
threshold=37.166300046183906 3.1608081972592683 5.1576647683390577 0.95348573782800461 24.662105500599903 4.3577558238719076 102.53129096053632 38.482105941361446 101.51024519263919 1.9375289351549798 4.4145216485950813 -5.2800075669563453 2.3844294962039636 5.2901062243622681
decision_type=2 2 2 2 2 2 2 2 2 2 2 2 2 2
left_child=9 2 3 -2 -5 6 -4 -3 13 -1 -11 -7 -12 -9
right_child=1 7 5 4 -6 11 -8 8 -10 10 12 -13 -14 -15
leaf_value=-0.21454070995119073 -0.24322534354557881 0.17679455380674627 -0.37360123735303241 0.082307370806827707 -0.2199060281840487 0.12421821097601285 -0.04573482731199191 -0.15516714616662666 -0.38521522519313334 -0.2094760413674159 -0.37814374198579587 -0.30984820297419002 0.1222332614188838 0.16967125398817196
leaf_weight=51.680609447415918 9.6925267553888244 62.025551047641784 11.595424841623759 109.40901954937726 8.9987555029802007 10.551379294134675 7.5112268109805873 2.403570579364894 2.069590935483574 8.4367707059718686 0.96833029948174854 1.9092579805292178 8.3696573046036047 5.8218590058386326
leaf_count=5374 711 218 334 1391 201 36 84 18 19 919 53 80 152 19
internal_value=-0.00232979 0.049553 0.00446129 0.0364466 0.0593398 -0.125335 -0.24471 0.149105 -0.0177164 -0.175624 -0.0624717 0.0577092 0.0703452 0.0747495
internal_weight=301.444 231.988 159.668 128.1 118.408 31.5673 19.1067 72.3206 10.295 69.4554 17.7748 12.4606 9.33799 8.22543
internal_count=9609 3111 2837 2303 1592 534 418 274 56 6498 1124 116 205 37
is_linear=0
shrinkage=0.2


Tree=19
num_leaves=15
num_cat=0
split_feature=16 6 21 24 18 13 13 1 18 11 21 13 5 16
split_gain=39.8179 28.6392 13.3685 12.2786 12.2581 16.0261 13.2039 11.0412 8.97004 9.34272 8.06378 7.1216 11.6599 6.10295
threshold=1.0612067431283541 4.2654960383852965 0.16735635204742041 0.19384270701775433 -12.490204548926075 38.419501581872119 37.438267735683553 71.299920608555482 -7.5991976432511512 83.61146718284057 -0.034657361462766538 38.419501581872119 118.94632988961312 3.4539732584248601
decision_type=2 2 2 2 2 2 2 2 2 2 2 2 2 2
left_child=2 4 -1 7 -2 6 -6 10 -4 -10 -3 -5 -13 -9
right_child=1 3 8 11 5 -7 -8 13 9 -11 -12 12 -14 -15
leaf_value=-0.20750767732577879 0.14458825794511057 -0.25702066867188827 0.080960303633985264 0.17077872393211091 -0.13660465749817427 -0.4292196771211555 0.048168700015177167 -0.33916981550841063 -0.21079006562569702 0.13072339040914674 0.1047602624119096 0.096518121781978078 -0.35649961634304295 0.034510878345057762
leaf_weight=39.789138200460002 11.054854922462253 2.7783541963435736 14.706759845372288 71.247739806771278 35.134585718624294 4.944715035846456 27.639527427963912 5.062438025372102 13.577523478074001 4.1939147459343067 21.807041546562687 15.811167797073724 2.6540785911492994 2.6704121856018901
leaf_count=5636 51 94 157 273 1273 83 172 208 1344 59 150 63 27 19
internal_value=-0.00248569 0.04333 -0.129791 0.104015 -0.0506788 -0.0825554 -0.0552487 -0.00168484 -0.0345801 -0.130196 0.063876 0.142092 0.0314042 -0.210125
internal_weight=273.072 200.805 72.2673 122.031 78.7737 67.7188 62.7741 32.3182 32.4782 17.7714 24.5854 89.713 18.4652 7.73285
internal_count=9609 2413 7196 834 1579 1528 1445 471 1560 1403 244 363 90 227
is_linear=0
shrinkage=0.2


Tree=20
num_leaves=15
num_cat=0
split_feature=4 12 2 4 13 13 15 10 21 23 18 18 23 8
split_gain=45.9388 22.5072 17.8428 16.3792 17.5035 13.183 12.682 11.7631 9.3974 9.37306 8.79578 11.4766 8.66704 7.84945
threshold=37.698459341095464 24.662105500599903 16.168418457448187 37.234844732591547 37.245018527631274 38.419501581872119 7.049165954286793 4.9298847666007974 -0.15353256780344179 0.95348573782800461 -15.264964864078939 -13.008501610128922 1.5037687539436211 110.03740435876725
decision_type=2 2 2 2 2 2 2 2 2 2 2 2 2 2
left_child=2 8 7 12 -5 -3 -6 -1 13 -10 -7 -12 -4 -2
right_child=1 5 3 4 6 10 -8 -9 9 -11 11 -13 -14 -15
leaf_value=-0.23613939831419209 0.05135961900627356 0.12250568180714697 -0.19058350533125293 0.14105571566599992 -0.26097562459165918 0.13226454664079418 0.031031140922571233 -0.0036914151927446392 -0.30781549930088503 0.1549501207184151 -1.8057733733261161 -0.28090546376331171 0.03717149610623343 -0.72832333070898891
leaf_weight=35.471614677808248 1.2103703657630824 6.5008634855039444 26.640658393735066 30.811422698199749 9.8421467395965028 2.1759628355503091 15.041155431419609 11.541691223625092 1.7868182417005289 86.682053346186876 0.20158505253493864 9.5719982699956692 8.921498926356433 0.90094426879659284
leaf_count=3980 20 31 3058 219 594 6 99 540 103 409 4 255 268 23
internal_value=-0.00243211 0.0946406 -0.0789771 -0.0274098 0.0402967 -0.106699 -0.0844669 -0.179074 0.135652 0.145604 -0.231393 -0.312357 -0.133446 -0.281348
internal_weight=247.301 109.031 138.27 91.2569 55.6947 18.4504 24.8833 47.0133 90.5802 88.4689 11.9495 9.77358 35.5622 2.11131
internal_count=9609 851 8758 4238 912 296 693 4520 555 512 265 259 3326 43
is_linear=0
shrinkage=0.2


Tree=21
num_leaves=15
num_cat=0
split_feature=18 9 6 9 3 23 2 15 23 13 6 30 15 18
split_gain=26.6621 47.0351 15.3939 9.44383 16.2349 12.5893 8.57931 8.13319 7.63334 14.3245 7.05868 5.11898 4.5166 4.28008
threshold=-11.754558164526133 29.429713104847394 5.4629288821666542 68.031315287267518 96.284280312337685 1.0758181474038322 20.138522413233467 4.6416547174950873 1.6190896354307498 38.135266351330756 3.2213145776895362 3.5000000000000004 14.690714640943634 -1.6189564005876489
decision_type=2 2 2 2 2 2 2 2 2 2 2 2 2 2
left_child=1 -1 3 8 5 -5 -6 -4 12 -10 -3 -9 -2 -13
right_child=2 10 7 4 6 -7 -8 11 9 -11 -12 13 -14 -15
leaf_value=-18.143884882322475 -0.21778152751439606 -0.13173983742325188 -0.22091421478286943 -0.13469335951939762 -0.17715183399938475 0.11170519225331002 0.054583385062969593 -0.36525555086113293 0.091256349378554744 -0.1990375552522074 0.16686388799503041 0.134890130926657 0.130118899695116 -0.1049198923782767
leaf_weight=0.0056270104832937254 28.364706228952858 3.4462202053982756 3.4357353299856177 10.814318620366974 28.009901247918606 35.595210238127038 8.2793131407815945 0.91864762455224891 13.67277591628954 13.525138452416284 39.026775351027027 32.45015294267796 1.5755749978125084 3.2776839225552967
leaf_count=1 2991 115 421 1050 2976 653 269 18 306 329 226 142 11 101
internal_value=-0.0023035 0.140213 -0.0359514 -0.0672721 -0.0240698 0.0542896 -0.124282 0.0733185 -0.129801 -0.0531027 0.142635 0.100904 -0.199474 0.11289
internal_weight=222.398 42.4786 179.919 139.837 82.6987 46.4095 36.2892 40.0822 57.1382 27.1979 42.473 36.6465 29.9403 35.7278
internal_count=9609 342 9267 8585 4948 1703 3245 682 3637 635 341 261 3002 243
is_linear=0
shrinkage=0.2


Tree=22
num_leaves=15
num_cat=0
split_feature=21 18 20 0 18 7 15 13 13 6 10 24 18 20
split_gain=21.7841 16.8779 13.621 10.4425 9.36039 8.19959 8.02669 5.60016 6.17413 5.3358 5.0577 4.80738 6.64355 4.85442
threshold=0.18786245693051742 -11.754558164526133 0.18561863282473381 72.936129070461433 -0.88689127765699982 93.365637140716984 -1.4868833545064317 38.314356253777618 37.862884431840207 3.4667426582555811 5.098526618296181 0.151561250122524 -5.90312484813058 -1.8589372325715485
decision_type=2 2 2 2 2 2 2 2 2 2 2 2 2 2
left_child=1 9 7 10 5 -4 -5 8 -3 -1 -2 12 -8 -13
right_child=3 2 4 6 -6 -7 11 -9 -10 -11 -12 13 -14 -15
leaf_value=-0.16980647188353359 -0.25995796655107695 -0.19823754733924709 0.037530585354460494 -0.1723938240752699 -0.20994225859261395 -0.19424980097098463 0.10345064870339576 -0.41979021952625256 0.10931308611449869 0.15355901384358051 0.077030151969950528 -0.13881409807455553 -0.26809863075838913 0.12742934557073557
leaf_weight=2.3405989811290082 5.4426683911588025 27.111307339393537 38.542164885438979 4.5013292951043686 10.330592207377775 7.2542785899713627 4.8016078495420516 4.0274138913955531 2.8892208801116785 15.953672672924766 2.6483491891995072 2.8465423909947267 3.2131473887711746 72.710575192933902
leaf_count=98 561 3889 1353 371 1881 166 41 160 17 124 67 79 210 592
internal_value=-0.00151335 -0.062964 -0.0985057 0.0677876 -0.0379756 0.000815955 0.0877635 -0.198346 -0.168619 0.112187 -0.149655 0.101776 -0.0455049 0.117399
internal_weight=204.613 108.449 90.155 96.1642 56.127 45.7964 88.0732 34.0279 30.0005 18.2943 8.09102 83.5719 8.01476 75.5571
internal_count=9609 7688 7466 1921 3400 1519 1293 4066 3906 222 628 922 251 671
is_linear=0
shrinkage=0.2


Tree=23
num_leaves=15
num_cat=0
split_feature=4 15 22 21 23 12 24 12 6 2 6 18 23 15
split_gain=28.2093 12.3035 8.36574 9.26356 8.76911 9.54628 6.60208 5.1365 9.48069 4.60235 3.66346 4.74371 3.30369 3.12787
threshold=37.166300046183906 12.118069122974697 5.0349813651041311 0.18786245693051742 0.95348573782800461 25.477907329673076 0.19700925482871667 24.662105500599903 5.2500601183100697 27.887496393934082 5.5178422843379211 -4.9244184903962553 1.5037687539436211 13.142871872664502
decision_type=2 2 2 2 2 2 2 2 2 2 2 2 2 2
left_child=10 2 4 9 -2 -6 -5 -3 -9 -4 13 12 -12 -1
right_child=1 7 3 6 5 -7 -8 8 -10 -11 11 -13 -14 -15
leaf_value=-0.21158975450741707 -0.24280952521156773 0.15029423532000152 -0.27760966991216174 -0.16672217750411036 0.061699320739379226 -0.32584488940211159 0.093967082270520516 -0.42223177619986141 0.10432620557582838 0.12132729425178659 -0.25746789155481581 -0.26911494787758788 0.18877363343680897 0.033937466457617513
leaf_weight=26.82839637785219 4.3908972658682606 39.031317706849904 10.251477030687967 6.0794278928078738 72.032239703228697 2.635465672123245 10.770072097308001 1.8631174131296564 5.1442476212978363 1.3038464384153474 0.8288423039484768 2.0971935460111117 3.3290738011710346 2.2494500298053017
leaf_count=6082 617 243 543 187 1247 134 76 23 26 15 55 306 10 45
internal_value=-0.00160589 0.0354807 -0.0015803 -0.0946762 0.0318679 0.0480206 -9.15876e-05 0.121989 -0.035675 -0.232596 -0.162727 -0.0238757 0.0998195 -0.192596
internal_weight=188.835 153.502 107.463 28.4048 79.0586 74.6677 16.8495 46.0387 7.00737 11.5553 35.333 6.25511 4.15792 29.0778
internal_count=9609 3111 2819 821 1998 1381 263 292 49 558 6498 371 65 6127
is_linear=0
shrinkage=0.2


Tree=24
num_leaves=15
num_cat=0
split_feature=4 13 24 14 22 22 4 18 21 6 20 14 6 3
split_gain=23.3209 13.6459 11.6273 11.9165 9.60458 9.03336 9.16556 9.00941 9.17575 7.36913 6.29347 4.99071 3.92695 2.81227
threshold=37.698459341095464 38.419501581872119 0.16333384873634083 -1.7282157302457077 -14.632821214495825 -4.7896018455772724 37.108019613580105 -13.604385996043101 0.20411374374716831 1.9535738437659096 2.507107728105574 -4.7633667797037509 3.7827054714963499 97.983950769396145
decision_type=2 2 2 2 2 2 2 2 2 2 2 2 2 2
left_child=2 9 4 -4 11 -5 -7 -3 10 -2 -9 -1 -10 -11
right_child=1 7 3 5 -6 6 -8 8 12 13 -12 -13 -14 -15
leaf_value=-0.25315375636332726 -0.31981343677133672 0.14536933814792688 -0.22214840201801192 0.14576689051313585 -0.23469090650299529 -0.21521963998624913 0.010317529440746454 -0.35207719860127451 -0.29415755689692397 0.156458208985509 0.056222648262741627 0.2272994697027958 0.097928390979812999 -0.12565200293921933
leaf_weight=1.2015799559885634 1.379531385609879 6.8841515388339785 10.431550163077189 14.680802354239857 21.910750752314925 9.0166301311692205 35.921142079285346 7.0161155431414972 1.2173188484739501 50.376961291943132 1.924187025753781 3.0855890949023914 6.3606398175470531 1.4542464265832666
leaf_count=256 46 28 1696 214 3921 1845 806 275 35 352 33 20 36 46
internal_value=-0.00191435 0.0804233 -0.0674549 -0.0249438 -0.181125 0.00956139 -0.0349358 -0.0468534 -0.126964 0.1364 -0.2642 0.0926412 0.0349439 0.148543
internal_weight=172.861 76.6132 96.248 70.0501 26.1979 59.6186 44.9378 23.4024 16.5183 53.2107 8.9403 4.28717 7.57796 51.8312
internal_count=9609 851 8758 4561 4197 2865 2651 407 379 444 308 276 71 398
is_linear=0
shrinkage=0.2


Tree=25
num_leaves=15
num_cat=0
split_feature=4 13 6 5 8 13 4 15 18 21 17 20 24 21
split_gain=17.8402 11.6847 9.28647 8.19207 11.7933 7.84063 9.32954 8.74948 6.59225 6.68528 5.80959 5.73961 5.51504 5.48251
threshold=37.745286722079506 38.419501581872119 4.0650895768313591 91.681601336909054 94.874129070424033 37.25093038967254 37.166300046183906 14.690714640943634 -13.604385996043101 0.20411374374716831 -11.002103896965748 1.9375289351549798 0.23517675062396615 0.25124433340918634
decision_type=2 2 2 2 2 2 2 2 2 2 2 2 2 2
left_child=2 -2 3 10 -5 6 11 12 -3 -10 13 -4 -7 -1
right_child=1 8 5 4 -6 7 -8 -9 9 -11 -12 -13 -14 -15
leaf_value=-0.29832134734152688 0.13947946846140366 0.13351645311062199 -0.2332396291965865 0.20984900583226482 -0.14121306376324899 -0.30426462837072488 0.12698297111407428 0.17381718962332576 -0.23675841058344407 0.030185240360605006 -0.21888375758593637 0.049790788410809916 0.15357070960870897 0.16123708629922692
leaf_weight=1.5023089949972952 42.709742190849738 6.0850116908550289 5.8223606284009275 6.2476622253889245 9.8815431928960589 7.3090249943779764 22.959674715064466 2.7154162749648085 8.0992428876343165 6.9925903967814511 25.89460477582179 5.6444080345099792 1.2294499085983259 3.3625599263468757
leaf_count=146 370 28 1261 79 894 413 222 16 308 71 5513 260 10 18
internal_value=-0.00204351 0.0792512 -0.0581491 -0.120674 -0.00522886 0.00602968 0.0534044 -0.138893 -0.0422179 -0.113074 -0.18121 -0.0939206 -0.238341 0.0193219
internal_weight=156.456 63.8866 92.569 46.8887 16.1292 45.6803 34.4264 11.2539 21.1768 15.0918 30.7595 11.4668 8.53847 4.86487
internal_count=9609 777 8832 6650 973 2182 1743 439 407 379 5677 1521 423 164
is_linear=0
shrinkage=0.2


Tree=26
num_leaves=15
num_cat=0
split_feature=18 21 10 24 12 15 24 7 15 10 6 7 10 15
split_gain=12.3004 7.72786 6.25996 6.21037 8.4478 8.67796 9.46206 6.56192 4.92614 4.58681 4.09746 3.38134 3.1988 3.03125
threshold=-5.90312484813058 -0.098583876315647231 3.8494204245694945 0.151561250122524 15.322090793681626 5.4259723568182148 0.1875965211705754 70.945893019121044 10.643298199571193 3.2130285147833457 5.5178422843379211 109.33037364635599 2.9217747286421498 15.549335398565306
decision_type=2 2 2 2 2 2 2 2 2 2 2 2 2 2
left_child=1 10 8 -2 7 -6 -7 -5 9 -3 13 -10 -12 -1
right_child=3 2 -4 4 5 6 -8 -9 11 -11 12 -13 -14 -15
leaf_value=-0.23153521898650156 -0.22591469253091434 -0.021097399262823335 0.12642050046344297 -0.2549442665681132 -0.21509438671993142 -0.2468546860928732 0.022288965854866585 0.1500935606723745 0.14971853476979546 -0.30577720519398072 0.20866506664675302 -0.22650455734750771 -0.27529282731389859 -1.1156575340197208
leaf_weight=4.1215141736320211 8.0838464244734478 11.326420887140559 40.336026172386482 1.8413494437700126 13.54391097644111 6.3860154147259882 28.736215585406171 12.202664015116168 8.5288737292767092 2.8294410828966639 1.7335920317564162 1.0761283077299584 0.79766649263910938 0.16118237935006607
leaf_count=424 2613 395 557 342 3684 376 467 452 74 172 8 12 29 4
internal_value=-0.00195407 0.0569221 0.0784491 -0.0609274 -0.0396592 -0.0790927 -0.0266474 0.0969879 -0.00298618 -0.0779985 -0.145577 0.107567 0.0561571 -0.26481
internal_weight=141.705 70.9108 64.0969 70.794 62.7102 48.6661 35.1222 14.044 23.7609 14.1559 6.81396 9.605 2.53126 4.2827
internal_count=9609 1675 1210 7934 5321 4527 843 794 653 567 465 86 37 428
is_linear=0
shrinkage=0.2


Tree=27
num_leaves=15
num_cat=0
split_feature=4 6 12 4 13 13 7 15 2 15 5 3 3 6
split_gain=11.9859 7.48568 6.80369 6.70373 11.1323 5.85413 3.35143 2.72933 2.2814 3.67127 1.91496 1.89728 1.27102 1.23362
threshold=37.166300046183906 5.7316269727247962 24.662105500599903 37.80793213971284 37.257932079097564 38.135266351330756 92.097433237115212 4.9783229019253428 19.527455601895994 10.406861862533775 122.14635418470583 96.956833410622494 94.579050240118178 5.7836068753321781
decision_type=2 2 2 2 2 2 2 2 2 2 2 2 2 2
left_child=8 2 3 4 -2 -4 -5 -3 13 -10 11 -9 -7 -1
right_child=1 7 5 6 -6 12 -8 10 9 -11 -12 -13 -14 -15
leaf_value=-0.21680960382683498 0.049284432924877664 -0.22405440708693419 0.20742680506282346 0.14530264606733576 -0.13576885077452291 -0.28286855747073625 2.6402166949100834e-05 0.16328043450848853 -0.21829254209586935 0.10665974756210028 -0.091087199003810071 -0.017293129862011612 -0.79215078050413334 -0.045586326262872713
leaf_weight=11.628458342631349 29.876496862561908 0.90490383101860317 1.094744637608527 16.9967610136373 23.024145473667886 4.6951637031743303 10.142059600339165 21.035811174893759 2.5413588933879501 3.0715821373742074 1.4816091530956317 2.6170256506302385 0.20455787109676737 1.9679635502398003
leaf_count=5350 813 112 3 149 1441 240 139 160 892 40 13 28 13 216
internal_value=-0.00177397 0.0232449 -0.00519154 0.0102003 -0.031257 -0.210707 0.0910114 0.117199 -0.147741 -0.0404682 0.129485 0.143301 -0.304131 -0.192027
internal_weight=131.283 112.073 86.0339 80.0395 52.9006 5.99447 27.1388 26.0393 19.2094 5.61294 25.1344 23.6528 4.89972 13.5964
internal_count=9609 3111 2798 2542 2254 256 288 313 6498 932 201 188 253 5566
is_linear=0
shrinkage=0.2


Tree=28
num_leaves=15
num_cat=0
split_feature=4 6 18 11 21 3 4 0 7 11 3 22 17 15
split_gain=9.97101 6.0766 6.0748 4.98578 4.88401 6.36806 7.12193 4.11595 4.61017 3.31817 2.88107 2.5353 2.60256 2.25916
threshold=37.35942486436516 4.0650895768313591 -13.604385996043101 45.520432143976137 0.18786245693051742 96.297435058848706 38.368683494386921 80.083176445493436 55.492837292494677 84.145080652573242 97.983950769396145 8.8973186974473659 -10.755269875665073 21.119810893080146
decision_type=2 2 2 2 2 2 2 2 2 2 2 2 2 2
left_child=1 3 -2 -1 5 6 -4 8 -3 10 -6 12 -9 -7
right_child=2 7 4 -5 9 13 -8 11 -10 -11 -12 -13 -14 -15
leaf_value=0.1400080966806441 0.16344273791132244 0.11413730190243712 0.063335035427186215 -0.21735631853983939 0.079381866955800906 -0.28512312724718386 -0.16762050735471565 -0.38347339883857978 -0.27350882420240452 -0.30775200069074771 -0.18837685933559722 -0.12039317633893472 0.095984902979180553 0.20205165381441584
leaf_weight=1.7494289714959474 12.827369981663308 1.7390720541588987 18.066748678858865 14.544834014523074 38.312495172780473 4.8340885848447206 7.582075109545257 0.47072859905892883 4.1690822598757222 0.96191553142852981 1.6777997315512028 3.2615909997257395 11.926878782978745 0.41330100223422039
leaf_count=99 122 136 408 5722 467 505 300 16 918 31 97 295 490 3
internal_value=-0.00148802 -0.0868069 0.0366612 -0.178988 0.0140264 -0.0460074 -0.00493797 -0.0171636 -0.159405 0.0593186 0.068148 0.0365035 0.0777802 -0.246752
internal_weight=122.537 37.8616 84.6758 16.2943 71.8484 30.8962 25.6488 21.5674 5.90815 40.9522 39.9903 15.6592 12.3976 5.24739
internal_count=9609 7676 1933 5821 1811 1216 708 1855 1054 595 564 801 506 508
is_linear=0
shrinkage=0.2


Tree=29
num_leaves=15
num_cat=0
split_feature=4 9 6 12 3 13 18 3 21 21 4 30 18 1
split_gain=7.99456 6.6748 5.21999 5.24619 4.82098 4.16738 2.12991 1.49912 1.33461 1.41254 1.09434 0.584785 0.204199 0.0757283
threshold=37.070953857015994 86.687261407734908 5.7316269727247962 24.662105500599903 96.284280312337685 38.135266351330756 -2.3616386641370393 97.892951879447409 -0.29332644470154529 -0.29877743529259598 38.092582202190847 63.500000000000007 -10.807709469067765 84.125771387032742
decision_type=2 2 2 2 2 2 2 2 2 2 2 2 2 2
left_child=8 2 3 4 -2 -5 7 -4 9 -1 -8 12 -3 -14
right_child=1 11 6 5 -6 -7 10 -9 -10 -11 -12 -13 13 -15
leaf_value=-0.20241761358271393 0.045806260552922876 -0.4385797331766571 0.13727842003481427 0.20569820687214799 -0.066189216423798866 -0.28127850831938578 -0.24685145431913705 -0.095325261488394417 -0.20705485571872792 0.19116884305107851 0.056689521711457073 -0.72585781789873849 -0.3241435751891889 -0.23496757819323608
leaf_weight=0.70758373563876376 50.644301628733047 0.26045733527280468 20.089273711782887 0.84491537511348624 22.075953879888402 4.1826556683081435 0.95939963508862891 1.1730286164383859 8.2030856396595464 0.75275966082699486 0.94114312547026202 0.11760733614210028 0.47258242650423143 1.9636391730746252
leaf_count=572 1308 5 190 3 1782 253 99 25 5058 32 18 8 16 240
internal_value=-0.00170666 0.0145027 0.0229755 -0.00185288 0.0118074 -0.199439 0.106314 0.124446 -0.175695 0.000463441 -0.0965389 -0.2893 -0.270261 -0.252266
internal_weight=113.388 103.725 100.911 77.7478 72.7203 5.02757 23.1628 21.2623 9.66343 1.46034 1.90054 2.81429 2.69668 2.43622
internal_count=9609 3947 3678 3346 3090 256 332 215 5662 604 117 269 261 256
is_linear=0
shrinkage=0.2


Tree=30
num_leaves=15
num_cat=0
split_feature=4 15 10 7 6 12 0 15 21 6 13 8 20 1
split_gain=6.46771 5.13701 5.22943 5.56253 4.36441 3.89197 3.5106 4.23316 3.13867 3.24624 3.05875 2.51214 2.43154 2.26295
threshold=37.234844732591547 4.2448269725134162 4.2458144130638287 108.46197803983934 1.6222769021077379 10.130045908612063 90.568795068644334 2.4096434506001931 -0.17878049602457222 4.0835603022190723 38.135266351330756 94.874129070424033 1.9375289351549798 45.754085889878915
decision_type=2 2 2 2 2 2 2 2 2 2 2 2 2 2
left_child=5 6 3 4 -3 -1 -2 11 -4 -10 -5 -8 13 -7
right_child=1 2 8 10 -6 12 7 -9 9 -11 -12 -13 -14 -15
leaf_value=0.18008482660179626 -0.22407288114585941 -0.35911758135449551 -0.27155975598750615 0.06961843274828948 0.029096692706396518 0.1173083860072943 0.17733905733230501 -0.40936088651999941 0.016013056367095043 0.16397084175480625 -0.37607194312293202 -0.060849043936416727 -0.037109481835246164 -0.22028270585001858
leaf_weight=1.7068572663411057 5.0850552531774147 1.191426443750969 0.84639601898379879 0.84018525015562717 41.73226287366856 0.8624459774291634 3.0553987415041757 0.95142757392022748 8.4948124190850667 19.657142837299034 2.3077298638963839 4.2139907670643879 6.2481586568173944 10.043349924759239
leaf_count=164 1285 29 24 12 473 48 41 84 102 168 66 371 1177 5565
internal_value=-0.00161101 0.0210797 0.0413802 -0.000498603 0.0183211 -0.107932 -0.0934532 -0.0126573 0.107916 0.119325 -0.257116 0.0392639 -0.136591 -0.193586
internal_weight=107.237 88.3758 75.07 46.0716 42.9237 18.8608 13.3059 8.22082 28.9984 28.152 3.14792 7.26939 17.154 10.9058
internal_count=9609 2655 874 580 502 6954 1781 496 294 270 78 412 6790 5613
is_linear=0
shrinkage=0.2


Tree=31
num_leaves=15
num_cat=0
split_feature=19 20 23 22 21 7 3 9 15 19 10 21 20 6
split_gain=5.24838 5.64944 6.74959 5.7835 4.66299 5.32448 4.61811 4.30929 5.76924 3.77932 2.7515 2.67869 2.30123 2.25782
threshold=-3.4010964990107753 1.4863687571288138 1.0571235791874274 7.6813461702158472 0.34895330259643137 104.06341229786855 91.405130201332909 73.79431795984469 19.342304333574678 -0.18815171477994228 3.0752006381502595 -0.010386203943138382 2.884198649853865 3.4213127679847921
decision_type=2 2 2 2 2 2 2 2 2 2 2 2 2 2
left_child=11 3 -3 4 5 -2 -6 8 -5 12 -9 13 -4 -1
right_child=1 2 9 7 6 -7 -8 10 -10 -11 -12 -13 -14 -15
leaf_value=-0.47186429888280196 -0.041759506888977442 -0.24112934566487168 0.13089582865287666 -0.35301699356311472 -0.66240344391872064 -0.36792514885280536 0.10091912692484273 -0.28886425792946491 0.19995751750878177 -0.16927663822230654 0.04633417268011128 0.17519709734833314 0.0078479067436198671 0.040692018004695893
leaf_weight=0.46577890546177592 28.891553801076956 2.9798493484850033 20.16981040357496 6.0013706916215579 0.32560341071803023 2.1510386904847101 12.048822736629516 1.3231186689808963 0.86324462387710799 2.3629216383269549 3.7723180788161699 8.9453501446287156 8.7026894643786346 1.3123479501809923
leaf_count=27 5182 854 436 966 4 189 298 246 12 662 285 132 285 31
internal_value=-0.00159783 -0.0174245 0.0464683 -0.0569014 -0.0229781 -0.0643605 0.0808341 -0.180048 -0.283479 0.073905 -0.0407059 0.130631 0.093807 -0.0935717
internal_weight=100.316 89.5923 34.2153 55.3771 43.417 31.0426 12.3744 11.9601 6.86462 31.2354 5.09544 10.7235 28.8725 1.77813
internal_count=9609 9419 2237 7182 5673 5371 302 1509 978 1383 531 190 721 58
is_linear=0
shrinkage=0.2


Tree=32
num_leaves=15
num_cat=0
split_feature=4 13 13 2 12 4 21 13 17 19 10 19 28 8
split_gain=5.42697 6.17492 5.99016 5.85008 5.18633 4.70478 4.67836 4.2202 3.66685 3.53266 3.09563 2.92722 2.87542 2.85728
threshold=37.777735194674669 37.559457245209664 38.135266351330756 15.517121253146685 11.229506894218712 37.234844732591547 -0.03217526913498147 37.257932079097564 4.4147281113789782 -1.7671182712542748 3.119212720167003 -0.4200977585100602 1.0000000180025095e-35 84.770548990042656
decision_type=2 2 2 2 2 2 2 2 2 2 2 2 2 2
left_child=1 3 11 4 13 -5 -4 -7 10 -10 -8 -2 -13 -1
right_child=2 -3 6 5 -6 7 8 -9 9 -11 -12 12 -14 -15
leaf_value=-0.24027161848891798 0.16819990151845926 -0.27526889147481898 -0.25591917312550233 -0.10080798119370647 -0.24619163881466719 0.11211475930474356 -0.066036335265746968 -0.035755253556217885 -0.68398959077018096 -0.073722520814983289 0.13306378430206084 -0.26756573766188618 0.15615190411105784 0.16791247249381719
leaf_weight=0.95641948176489533 16.370643075439151 4.1312040342745595 2.9132498850012807 11.039713328194919 7.4432204407057725 18.598747388285123 5.0078111194161457 13.199256666543077 0.51667475223075587 1.4282978119736061 8.3023872056744477 1.3179444745765061 1.2465633496176449 2.4257776822341839
leaf_count=373 173 363 182 3843 3241 273 98 598 8 53 140 73 13 178
internal_value=-0.00133217 -0.0396539 0.0583597 -0.0215153 -0.152875 0.0116804 -0.0236787 0.0507344 0.0206718 -0.235838 0.0581546 0.137076 -0.0616038 0.052486
internal_weight=94.8979 57.7943 37.1036 53.6631 10.8254 42.8377 18.1684 31.798 15.2552 1.94497 13.3102 18.9352 2.56451 3.3822
internal_count=9609 8869 740 8506 3792 4714 481 871 299 61 238 259 86 551
is_linear=0
shrinkage=0.2


Tree=33
num_leaves=15
num_cat=0
split_feature=15 7 24 4 13 18 4 13 24 12 12 12 20 18
split_gain=4.82562 2.88915 2.87249 3.06443 2.78026 2.71311 2.69184 5.72313 3.33058 3.64061 3.07761 2.99774 2.20989 1.77166
threshold=12.118069122974697 108.46197803983934 0.19033960576021236 37.596941184308911 38.571032882055597 -3.7071597580539648 37.80793213971284 37.541118273089204 0.16333384873634083 11.129210233294705 19.684492431638123 24.662105500599903 -1.2844583896188506 -11.754558164526133
decision_type=2 2 2 2 2 2 2 2 2 2 2 2 2 2
left_child=6 2 3 5 -3 -2 7 8 9 -1 -10 -8 13 -4
right_child=1 4 12 -5 -6 -7 11 -9 10 -11 -12 -13 -14 -15
leaf_value=0.060105986671196168 -0.03059600813077153 0.037475635933056493 0.12725270249751686 0.18132659646640412 -0.35272493706839492 -0.44122985430673911 0.069687563807344435 -0.26430894715832853 0.023117445701626986 -0.2268474841635178 -0.15047928792509105 -0.15067537803473907 0.16342603468553762 -0.35737177424145389
leaf_weight=2.5014548879407794 2.1523016859136987 2.0375816852902058 0.59656219556927681 1.6998114138841627 1.1385543894721193 0.91816093510715946 15.602166461467279 4.71128811649396 27.764965151713113 6.0358847130701179 4.7896859888132886 2.933608944869774 14.989940311654429 0.61054940614850106
leaf_count=502 37 24 10 17 21 78 237 457 3337 3530 903 247 196 13
internal_value=-0.000884556 0.0753612 0.102289 -0.0341177 -0.1024 -0.153388 -0.029496 -0.0555201 -0.031582 -0.14277 -0.00242342 0.0348113 0.142462 -0.117867
internal_weight=88.4825 24.1435 20.9673 4.77027 3.17614 3.07046 64.3391 45.8033 41.092 8.53734 32.5547 18.5358 16.1971 1.20711
internal_count=9609 396 351 132 45 115 9213 8729 8272 4032 4240 484 219 23
is_linear=0
shrinkage=0.2


Tree=34
num_leaves=15
num_cat=0
split_feature=4 6 10 1 10 22 20 8 4 6 21 10 16 30
split_gain=3.66689 3.77068 3.60992 3.58355 2.99872 3.7614 3.85992 4.24318 3.62952 5.39412 4.66443 3.38555 3.04557 2.34308
threshold=37.35942486436516 4.0650895768313591 2.3844294962039636 45.754085889878915 4.9910646005586541 2.307622326263719 2.0477843683407868 94.132584845177462 37.540586527734575 1.9535738437659096 0.40448979500252241 3.4844052240973236 1.3130643000992814 4.5000000000000009
decision_type=2 2 2 2 2 2 2 2 2 2 2 2 2 2
left_child=1 3 -3 -1 5 8 11 -8 10 -10 -2 -7 -6 -4
right_child=4 2 13 -5 12 6 7 -9 9 -11 -12 -13 -14 -15
leaf_value=0.14688251875418054 -0.30540526642033172 -0.24193210367811468 -0.28453811576511262 -0.21853698231331375 -0.18742060156789939 -0.22067840964605689 -0.27643061677401404 0.15274868512552839 -0.31380579266392578 0.096414573571295875 0.1446137883619362 -0.0039953309659965372 0.14572292128526396 0.058195708050730266
leaf_weight=1.2441258849576131 2.4026117099711004 2.1990018817232331 0.85475338596734118 7.8259406593715539 1.2165062987187401 7.2243037127045699 1.1559867517207738 4.5417552236176562 1.3545855694319495 23.984361035303209 1.4942774476949123 4.8011394007844501 11.235083084466167 11.989869292141519
leaf_count=45 350 543 114 5776 152 342 66 53 110 512 16 204 128 1198
internal_value=-0.000781946 -0.0665588 -0.00514903 -0.168413 0.0259157 0.00277806 -0.0699216 0.0656746 0.0468496 0.0744848 -0.132844 -0.134168 0.113175 0.0353883
internal_weight=83.5243 24.1137 15.0436 9.07007 59.4106 46.959 17.7232 5.69774 29.2358 25.3389 3.89689 12.0254 12.4516 12.8446
internal_count=9609 7676 1855 5821 1933 1653 665 119 988 622 366 546 280 1312
is_linear=0
shrinkage=0.2


Tree=35
num_leaves=15
num_cat=0
split_feature=6 22 20 27 14 6 18 18 10 10 15 6 20 27
split_gain=3.07506 2.7148 3.3453 3.05543 2.80271 4.10566 2.99688 2.65166 2.10392 3.48124 2.38436 2.09882 2.48614 2.00105
threshold=6.9950222706272944 7.6813461702158472 -0.040086257921029926 3.5000000000000004 -1.8978709713328639 3.3359530079824364 -6.8622128541197176 -9.0771119038108683 3.4255088442858503 3.3927587997760553 8.8832403986178736 2.4328548258209692 -0.52991460242059396 4.5000000000000009
decision_type=2 2 2 2 2 2 2 2 2 2 2 2 2 2
left_child=1 4 8 7 5 -1 -7 -4 9 -3 -10 12 -6 -5
right_child=-2 2 3 13 11 6 -8 -9 10 -11 -12 -13 -14 -15
leaf_value=-0.28365349492593678 0.14059561923417721 -0.30013689626233336 0.078288642102920081 0.16672868157475776 -0.24018448145582588 0.064066161439562258 -0.15429561838531933 -0.23357699367336024 -0.32882231887634417 -1.3017070129516366 0.046099909182928736 0.057558482159890734 0.0081609700230921983 -0.068374758789821743
leaf_weight=2.839855065180017 5.6927391994831842 2.0109848030842872 1.5772440078726511 3.6244813944431371 2.1367716017339218 7.0496138825199068 3.9076124995845003 3.5341091582740747 1.1455643815643273 0.14910574408713717 1.6641459987222331 33.135015637009928 6.5704075705471068 2.4116267555145896
leaf_count=1703 148 536 48 114 785 233 1426 544 371 11 47 1999 1323 321
internal_value=-0.000891839 -0.0121166 -0.0843958 -0.0235565 0.00882079 -0.0693495 -0.0138069 -0.137343 -0.220861 -0.369273 -0.106762 0.0345967 -0.0527839 0.072797
internal_weight=77.4493 71.7565 16.1173 11.1475 55.6393 13.7971 10.9572 5.11135 4.9698 2.16009 2.80971 41.8422 8.70718 6.03611
internal_count=9609 9461 1992 1027 7469 3362 1659 592 965 547 418 4107 2108 435
is_linear=0
shrinkage=0.2


Tree=36
num_leaves=15
num_cat=0
split_feature=4 9 13 4 13 10 30 2 30 9 20 18 22 18
split_gain=2.9438 2.65676 2.38987 3.71326 2.78583 1.73976 1.0828 0.877 0.841842 0.56729 0.0250163 0.0164496 0.00843667 0.00656887
threshold=37.070953857015994 86.687261407734908 36.987974494194482 37.35942486436516 38.689875844815056 3.0752006381502595 51.500000000000007 13.197237839886705 52.500000000000007 62.404140696893329 1.847272011077145 -3.2386389470049397 11.848321324151639 -10.528986137849669
decision_type=2 2 2 2 2 2 2 2 2 2 2 2 2 2
left_child=6 2 7 5 -5 -4 -1 13 -8 -9 12 -12 -3 -2
right_child=1 10 3 4 -6 -7 8 9 -10 -11 11 -13 -14 -15
leaf_value=-0.20520633836868807 -0.27524903386023142 -0.21038425941281347 -0.22881691352448508 0.042509065160673105 -0.10651649746907457 -0.051574825435802212 0.19248795082351894 0.038395591337106183 -0.20697777062216055 0.17809705916415514 -0.3008413441749489 -0.23222221506343749 -0.24849378143637146 -0.209496138356909
leaf_weight=3.6495786991654304 0.10253477096557617 0.73843519877118413 3.1686044651214598 44.542235975965923 5.654528331670007 7.3623229763761628 0.55388903831044434 1.5331191229633985 0.34090299975650851 4.8120528416402522 0.35398508846992627 0.23088715146877792 0.33904925704700872 0.14922033835318771
leaf_count=5134 1 189 750 1522 259 850 49 47 479 184 6 46 28 65
internal_value=-0.000948916 0.00932182 0.0154892 0.00306956 0.0257217 -0.104904 -0.156866 0.129817 0.0402972 0.144342 -0.240452 -0.273753 -0.222376 -0.236276
internal_weight=73.5313 68.987 67.3246 60.7277 50.1968 10.5309 4.54437 6.59693 0.894792 6.34517 1.66236 0.584872 1.07748 0.251755
internal_count=9609 3947 3678 3381 1781 1600 5662 297 528 231 269 52 217 66
is_linear=0
shrinkage=0.2


Tree=37
num_leaves=15
num_cat=0
split_feature=18 18 17 3 12 14 22 15 12 4 20 12 10 4
split_gain=2.57101 3.34376 2.35285 2.10418 2.21408 2.72322 2.25273 2.08094 1.64306 1.42197 1.2289 1.20362 1.20241 1.07107
threshold=-11.754558164526133 -11.437950885107734 -3.350926911437639 98.276159325112062 26.12019232292484 -4.6796257520750393 4.551309138415129 4.2448269725134162 24.662105500599903 37.262523857535463 -0.18565692888743965 22.47332805805004 7.7782444804136945 37.852223538800025
decision_type=2 2 2 2 2 2 2 2 2 2 2 2 2 2
left_child=7 2 11 4 6 -6 -3 12 9 -9 -10 -2 -1 -5
right_child=1 3 -4 13 5 -7 -8 8 10 -11 -12 -13 -14 -15
leaf_value=-0.2782292808728441 -0.32658833070284121 0.032793127595981283 -0.033232949799045813 -0.23117537129299867 -0.90716695728725227 -0.13227537067477638 -0.054077085385103113 -0.12769718380827491 -0.33243211711191178 0.17596824951851603 0.075454945617645278 -0.84473449638887299 0.1861963404348998 0.18251364124651384
leaf_weight=0.88470923307613591 0.37147547301719896 36.671236134410719 0.57271699378907104 2.3104830947377191 0.21265949630469538 1.2345155750444963 17.705893239104626 0.67068240957450864 0.51378621812909842 7.6807050146057918 0.69530015625059494 0.34668763726949692 0.29812826286070049 0.28076017176499579
leaf_count=143 19 5061 14 1648 33 106 2371 39 9 135 13 5 3 10
internal_value=-0.000997718 -0.0172046 -0.335594 -0.0101688 -0.00199075 -0.246144 0.00450707 0.089073 0.120034 0.151582 -0.0978716 -0.576719 -0.161173 -0.186352
internal_weight=70.4497 59.7064 1.29088 58.4155 55.8243 1.44718 54.3771 10.7433 9.56047 8.35139 1.20909 0.718163 1.18284 2.59124
internal_count=9609 9267 38 9229 7571 139 7432 342 196 174 22 24 146 1658
is_linear=0
shrinkage=0.2


Tree=38
num_leaves=15
num_cat=0
split_feature=15 13 9 1 7 27 15 15 1 9 23 17 24 4
split_gain=2.46787 2.30538 2.24523 3.93351 3.22206 4.31409 3.85213 3.08798 2.32562 2.16177 3.56106 2.04682 2.00751 1.81958
threshold=12.118069122974697 38.482105941361446 70.789173616181685 64.6669557501274 87.027998405021393 2.5000000000000004 6.6663321228591679 5.7075335058656345 71.299920608555482 67.861886107464201 1.5037687539436211 -3.9496212028287299 0.19033960576021236 37.852223538800025
decision_type=2 2 2 2 2 2 2 2 2 2 2 2 2 2
left_child=2 12 3 9 5 8 -7 -6 -4 10 -1 -3 13 -2
right_child=1 11 4 -5 7 6 -8 -9 -10 -11 -12 -13 -14 -15
leaf_value=-0.19562093597920405 -0.11744895660250006 0.13053082477245992 -0.0036278279839555422 -0.21562686325305103 -0.077581489263879491 0.11061837020405157 -0.26206710291467339 0.17399603687824303 -0.29489526142396433 0.14579834658889512 0.001421677223614952 -0.1886193761903581 0.14181474033135719 0.20132305109127221
leaf_weight=4.8745532032517174 2.6241909500749929 1.2159357801428998 1.6882953076637948 5.3431537352626028 2.6482107856354542 6.5455344987640274 1.3357583785254972 7.4191624880113523 3.1282813173893373 2.6277702779480014 14.831286729397105 2.3714815138373515 10.815691215087552 0.9851500317454337
leaf_count=1713 119 17 230 2100 639 1669 193 114 1491 114 950 43 203 14
internal_value=-0.000515855 0.0630319 -0.0232083 -0.0614769 0.0233167 -0.0436799 0.0474539 0.107819 -0.192801 -0.0245977 -0.0473199 -0.0804451 0.0987138 -0.0304419
internal_weight=68.4545 18.0124 50.442 27.6768 22.7652 12.6979 7.88129 10.0674 4.81658 22.3336 19.7058 3.58742 14.425 3.60934
internal_count=9609 396 9213 4877 4336 3583 1862 753 1721 2777 2663 60 336 133
is_linear=0
shrinkage=0.2


Tree=39
num_leaves=15
num_cat=0
split_feature=6 20 14 1 21 12 14 3 5 10 23 6 10 15
split_gain=2.53761 2.52308 2.19571 2.65059 3.17006 2.66269 2.32363 2.96259 2.20947 2.03558 1.90824 1.4647 1.33066 1.21945
threshold=5.7316269727247962 -1.5529047920305536 -1.8539426054542145 45.754085889878915 -0.03217526913498147 10.130045908612063 5.2676048726429494 94.899767718297525 99.906911086729394 4.9569299943336462 0.95348573782800461 3.2903937741780243 5.4067803378552997 4.6416547174950873
decision_type=2 2 2 2 2 2 2 2 2 2 2 2 2 2
left_child=2 -2 3 4 -1 -5 8 11 10 -9 -4 -8 -10 -3
right_child=1 13 6 5 -6 -7 7 9 12 -11 -12 -13 -14 -15
leaf_value=-0.46016080700866235 -0.23406599085316837 -0.21676581462295341 -0.21508859800196714 0.186898881272231 0.1372809403433963 -0.22781606895398332 -0.33302362966875321 -0.22045301711511178 -0.15607700828167478 0.028559022482633145 0.066599984752987146 0.050739084683082095 0.16473105177793856 0.11436193123934478
leaf_weight=0.415723723415795 0.9638425099692548 0.46221063989650879 1.0039467244205358 0.69636505100061175 2.4422163210920171 5.5937073034874629 0.42458045824605317 5.3117367927879968 3.3452516023244239 1.7443580192848456 22.997620328140329 6.3108034824617789 0.61174857043079089 11.858939569337961
leaf_count=39 114 238 894 82 54 3056 73 1154 320 142 2990 192 21 240
internal_value=-0.000277346 0.0775625 -0.0205945 -0.109337 0.0503754 -0.181904 -0.00114973 -0.0683293 0.0319888 -0.158894 0.0548174 0.0265477 -0.10648 0.10194
internal_weight=64.1831 13.285 50.8981 9.14801 2.85794 6.29007 41.75 13.7915 27.9586 7.05609 24.0016 6.73538 3.957 12.3212
internal_count=9609 592 9017 3231 93 3138 5786 1561 4225 1296 3884 265 341 478
is_linear=0
shrinkage=0.2


Tree=40
num_leaves=15
num_cat=0
split_feature=15 3 4 22 11 23 0 4 0 4 6 10 2 15
split_gain=2.00082 1.84292 1.65748 1.67681 2.44744 1.59118 0.736212 0.46525 0.0559202 0.0226936 0.000551566 0.000273038 6.77097e-05 3.54169e-05
threshold=21.119810893080146 98.276159325112062 36.936361656733261 7.6813461702158472 63.464702452989904 0.95348573782800461 127.22362885942741 37.852223538800025 120.61843665660182 37.745286722079506 5.7836068753321781 1.4793230935079829 28.725482054030067 10.406861862533775
decision_type=2 2 2 2 2 2 2 2 2 2 2 2 2 2
left_child=1 2 10 5 -5 -4 12 8 9 -3 13 -12 -2 -1
right_child=6 7 3 4 -6 -7 -8 -9 -10 -11 11 -13 -14 -15
leaf_value=-0.20057801455057087 0.20041493186594669 -0.20994911991505227 -0.21310332800909415 -0.17248842811803608 0.016417803676574364 0.02793173030612325 -0.054025691168924674 0.16788199013034877 -0.35737944039571901 -0.2765826074518572 -0.22385570697379464 -0.20779050366136087 0.20302162424544945 -0.20334723294919632
leaf_weight=1.130947320789345 2.0690730111673474 1.3953190056981828 1.1248864178087377 4.8346544124360644 6.341988997952285 41.961415839989058 0.55038745026104141 0.12619443703442801 0.12720690667629231 0.23954471061006177 0.053876824953476787 0.19721888855565339 0.49370389431715 0.2208063250145641
leaf_count=3246 57 1676 909 375 559 2520 12 9 1 17 10 116 3 99
internal_value=-0.000337645 -0.00875648 -0.00218822 0.00373252 -0.0652969 0.0216388 0.155845 -0.203083 -0.229651 -0.219712 -0.202629 -0.211238 0.200917 -0.20103
internal_weight=60.8672 57.7541 55.8658 54.2629 11.1766 43.0863 3.11316 1.88827 1.76207 1.63486 1.60285 0.251096 2.56278 1.35175
internal_count=9609 9537 7834 4363 934 3429 72 1703 1694 1693 3471 126 60 3345
is_linear=0
shrinkage=0.2


Tree=41
num_leaves=15
num_cat=0
split_feature=6 13 21 18 4 13 5 4 13 10 18 21 21 30
split_gain=1.79582 1.7321 3.49891 2.59108 2.23152 3.1922 4.56738 3.18206 2.56665 3.59435 1.33205 0.561291 1.2821 0.547667
threshold=6.9950222706272944 38.689875844815056 -0.29332644470154529 -13.604385996043101 37.80793213971284 37.257932079097564 91.681601336909054 37.408738792873045 38.135266351330756 3.6711893437656369 -1.6803910340402408 0.11796032935890467 0.088202990589810085 9.5000000000000018
decision_type=2 2 2 2 2 2 2 2 2 2 2 2 2 2
left_child=1 4 -3 -4 5 7 -7 -1 10 -10 -6 12 -2 -5
right_child=11 2 3 13 8 6 -8 -9 9 -11 -12 -13 -14 -15
leaf_value=-0.024013567140665503 0.14314140638219705 -1.6900882216246176 0.14547618347388092 0.20153474187755382 0.1596985306085737 -0.22489050785140163 0.011480025505780624 0.15670475831682171 -0.21012171335456303 0.089405748926460138 -0.038388521659016989 0.19382061703639186 -0.24892901809750115 -0.23398878125695891
leaf_weight=16.538601633732473 1.312235396260802 0.057166018370481075 1.1063249930739405 0.12062843888997976 8.0881582065776438 6.5330460477434809 6.5467448443669127 5.098833332565845 2.7440133231066275 3.852340005687438 1.6318786471383671 2.2797816695965594 0.44735614719684225 2.7125605360542977
leaf_count=7174 73 20 11 1 124 1267 318 66 115 82 68 66 9 215
internal_value=-0.000390422 -0.00983833 -0.136631 -0.114089 9.13812e-05 -0.0285795 -0.106581 0.0185725 0.061096 -0.0351945 0.126442 0.128323 0.043462 -0.215446
internal_weight=59.0697 55.0303 3.99668 3.93951 51.0336 34.7172 13.0798 21.6374 16.3164 6.59635 9.72004 4.03937 1.75959 2.83319
internal_count=9609 9461 247 227 9214 8825 1585 7240 389 197 192 148 82 216
is_linear=0
shrinkage=0.2


Tree=42
num_leaves=15
num_cat=0
split_feature=16 18 17 16 4 7 12 2 10 27 14 29 0 18
split_gain=1.70258 1.92198 1.85869 1.74742 1.62282 1.95674 1.45418 1.42845 1.42696 1.44189 1.41856 1.13953 1.07399 0.932328
threshold=1.0612067431283541 -11.754558164526133 -4.9311848852569247 1.2051752082604319 37.234844732591547 105.18844803944195 24.662105500599903 18.085086302306806 2.6084284002015679 4.5000000000000009 3.5886576421741343 1.5000000000000002 73.38422184318047 -7.5991976432511512
decision_type=2 2 2 2 2 2 2 2 2 2 2 2 2 2
left_child=8 6 3 -3 7 -6 12 -4 -1 10 13 -5 -2 -10
right_child=1 2 4 11 5 -7 -8 -9 9 -11 -12 -13 -14 -15
leaf_value=-0.23409951907968921 -0.28692406956460531 0.12644796851731946 -0.27114877801078796 -0.057444095286449059 0.056501682267002397 -0.11860526243753684 -0.12357611447353489 -0.0086368235620666988 0.10946697651814562 -0.21771005589706474 -0.2465484176509751 -0.21621424122509258 0.16444381852885637 -0.071843366774953399
leaf_weight=1.882988212915732 0.21878418889536888 1.3729134878085441 1.3097789970597689 4.6913681973055645 24.656181001013469 2.847405527342743 0.90631143306381989 2.2594729456141067 3.2154839002541826 1.4358504675728907 0.76812699333459011 2.942232125922601 5.8230726780043369 1.752869252720304
leaf_count=2637 15 49 887 237 488 91 22 323 293 1431 579 142 159 2256
internal_value=0.000263244 0.0155546 -0.00128004 -0.0812791 0.0219078 0.0383731 0.112662 -0.104969 -0.0791501 -0.0384704 0.0063936 -0.118639 0.148099 0.0454994
internal_weight=56.0828 47.0275 40.0794 9.00651 31.0728 27.5036 6.94817 3.56925 9.05532 7.17233 5.73648 7.6336 6.04186 4.96835
internal_count=9609 2413 2217 428 1789 579 196 1210 7196 4559 3128 379 174 2549
is_linear=0
shrinkage=0.2


Tree=43
num_leaves=15
num_cat=0
split_feature=15 14 10 21 14 12 17 6 6 0 12 8 17 18
split_gain=1.5043 2.96246 1.94053 1.79397 1.6042 1.86544 1.48374 1.43638 1.8804 1.41744 1.36517 1.31199 1.26883 1.26432
threshold=12.118069122974697 5.1576647683390577 3.7787465984003403 0.24369364218820525 -2.6384359189507758 22.47332805805004 -11.337130139479557 2.4328548258209692 2.6342639373496954 102.26435947798375 25.477907329673076 104.00782788348776 -11.776249756925081 -3.9252776841486354
decision_type=2 2 2 2 2 2 2 2 2 2 2 2 2 2
left_child=1 7 9 -4 5 -2 -5 12 -9 -3 -10 -11 -1 -6
right_child=4 2 3 6 13 -7 -8 8 10 11 -12 -13 -14 -15
leaf_value=0.162337345799167 0.19865809952927529 -0.2750829046202618 -0.1968590805566437 -0.37055213895020783 0.11299471546381612 -0.34667022256273422 0.13582255549934472 0.17817318598092091 0.019990136664405356 0.19191068556773475 -0.25209661773050307 -0.23709166744675925 -0.10864123680531956 -0.027110323477024537
leaf_weight=0.78832136806158803 0.37019711470929972 3.4907259168439833 1.4564519768264292 0.25846121931681443 9.6235209337792167 0.77871166217391874 2.2154385986505076 3.048028398878162 20.318207407990489 0.58190607935102867 0.76540445487398656 0.55914442836001399 5.6093057135058215 3.518261686433104
leaf_count=52 14 971 462 4 233 16 69 412 4121 15 97 88 2922 133
internal_value=0.000145237 -0.0201543 -0.124118 -0.0207571 0.0556735 -0.170957 0.0829189 0.00900306 0.03134 -0.211827 0.0101125 -0.0183116 -0.075251 0.0754864
internal_weight=53.3821 39.0914 8.56213 3.93035 14.2907 1.14891 2.4739 30.5293 24.1316 4.63178 21.0836 1.14105 6.39763 13.1418
internal_count=9609 9213 1609 535 396 30 73 7604 4630 1074 4218 103 2974 366
is_linear=0
shrinkage=0.2


Tree=44
num_leaves=15
num_cat=0
split_feature=30 6 4 27 1 16 20 16 30 21 12 17 5 24
split_gain=1.41833 1.37966 2.45607 2.5933 2.35217 2.09714 2.05126 1.98435 1.90419 1.74847 1.46644 1.07312 0.701215 0.290405
threshold=2.5000000000000004 4.0650895768313591 37.408738792873045 2.5000000000000004 45.754085889878915 1.1604136793737718 0.23241999622947598 4.4655173140327529 47.500000000000007 -0.17878049602457222 10.130045908612063 -11.002103896965748 132.65337119806159 0.18080696546122885
decision_type=2 2 2 2 2 2 2 2 2 2 2 2 2 2
left_child=-1 2 4 6 -2 10 -4 -5 9 -7 -3 -6 -12 -10
right_child=1 5 3 7 11 8 -8 -9 13 -11 12 -13 -14 -15
leaf_value=-0.23543673674579796 0.15838203192809122 0.18215639595372377 0.029701337869226248 0.086706872347232206 0.043285674490794158 -0.2536229882774596 -0.21540265170503956 -0.41068233190415704 -0.033808801599180316 0.037250300559196405 -0.22152302582054914 -0.24032757145285874 0.12766041530449596 0.1758565916527664
leaf_weight=1.0022245437357913 0.84814326034393417 0.52057723043253945 2.5322801019415229 9.3232556197290215 0.61350359636344265 0.86186059801730763 2.96488277922208 0.3322728306520738 0.28030397601287305 20.22154793640766 2.2827099398509749 4.0998447088550174 0.25582068382209389 4.6129691590103903
leaf_count=630 42 35 233 545 161 99 215 8 48 628 1556 5314 6 89
internal_value=0.000125075 0.00487052 -0.0345618 0.00716046 -0.148237 0.0330016 -0.102495 0.0695904 0.0514467 0.0253598 -0.123627 -0.203412 -0.186334 0.163846
internal_weight=50.7522 49.75 20.7142 15.1527 5.56149 29.0358 5.49716 9.65553 25.9767 21.0834 3.05911 4.71335 2.53853 4.89327
internal_count=9609 8979 6518 1001 5517 2461 448 553 864 727 1597 5475 1562 137
is_linear=0
shrinkage=0.2


Tree=45
num_leaves=15
num_cat=0
split_feature=3 9 12 2 12 18 24 6 11 4 24 23 4 15
split_gain=1.21732 1.18255 1.20965 2.08937 3.41963 1.3189 1.24273 0.791596 0.55262 0.4627 0.0187097 0.00920436 0.00912951 0.00341333
threshold=98.276159325112062 86.687261407734908 24.662105500599903 21.517475368258882 19.008679677374698 2.7164963059909835 0.30185063903982756 4.6389269361339558 52.742668481852498 37.852223538800025 0.22182561277110471 2.3243260399483923 37.745286722079506 12.118069122974697
decision_type=2 2 2 2 2 2 2 2 2 2 2 2 2 2
left_child=1 2 3 4 -1 -5 8 -8 -4 10 11 13 -12 -2
right_child=9 -3 6 5 -6 -7 7 -9 -10 -11 12 -13 -14 -15
leaf_value=0.021670328505780538 -0.20296470965340038 -0.2173833604183292 -0.23780790197442248 0.1048571867168316 -0.16031822104255436 -0.23370403964959602 -0.2355490108661675 0.14625042433607177 -0.033457059462111784 0.17041027768452302 -0.20156498034003401 -0.27345731852062416 -0.31666230731840955 -0.22997241855006745
leaf_weight=25.090711167267731 0.70775649822098674 0.93476315288898959 1.8106775286205445 11.30755142521161 4.9437739059540027 0.47978186162981806 0.27741026667126778 1.0010682918727978 0.74801565658708558 0.13063308730488632 0.03575732509852958 0.10140930861234665 0.12033679462911095 0.25448615484856418
leaf_count=5691 1603 452 186 379 965 121 50 22 38 11 60 1 2 28
internal_value=-0.000125535 0.00529983 0.00985876 0.0197193 -0.00828558 0.0910767 -0.0976127 0.0634058 -0.178067 -0.187324 -0.225636 -0.216147 -0.290296 -0.210107
internal_weight=47.9441 46.5938 45.659 41.8218 30.0345 11.7873 3.83717 1.27848 2.55869 1.35038 1.21975 1.06365 0.156094 0.962243
internal_count=9609 7904 7452 7156 6656 500 296 72 224 1705 1694 1632 62 1631
is_linear=0
shrinkage=0.2


Tree=46
num_leaves=15
num_cat=0
split_feature=6 14 16 12 13 1 30 9 10 24 21 12 13 12
split_gain=1.10344 1.8242 1.62223 1.27102 1.50114 1.28517 1.78623 1.55989 0.877331 2.11983 0.719356 0.650308 0.609154 0.565596
threshold=5.7316269727247962 -6.4092338662449526 2.3548452190638849 23.572074569142057 38.135266351330756 46.566238371298176 21.500000000000004 67.230845698708933 3.4844052240973236 0.19965608855920533 -0.098583876315647231 24.170154257333866 38.744418206932572 25.118253732531567
decision_type=2 2 2 2 2 2 2 2 2 2 2 2 2 2
left_child=1 2 11 5 -5 6 -3 -7 9 -2 -10 -1 -11 -12
right_child=8 3 -4 4 -6 7 -8 -9 10 12 13 -13 -14 -15
leaf_value=-0.25530971139447972 -0.26488309734948662 -0.20382173647580104 -1.114385334843037 0.19824822790911401 -0.20520402586969128 -0.073594406448948671 0.17478440021277702 0.023727444431954792 -0.20275252240918207 0.14372827601804736 0.15591717851102174 0.063647700930953247 -0.091031774135936563 -0.022788957070980179
leaf_weight=1.1083218943076634 0.98342459002105753 0.59216260161338086 0.0786715169870148 0.44168356174850432 2.2383052096947722 10.020318338294603 3.1497431293246336 19.230479463945812 0.2773309469448576 1.7613586290772221 4.4780262700405729 0.33236676201795479 0.5902864076924742 0.84154423279687751
leaf_count=1006 224 42 4 11 253 2789 63 4812 54 84 196 37 16 18
internal_value=-0.000234652 -0.0153943 -0.230019 -0.00625311 -0.138712 0.00450648 0.114869 -0.00961168 0.0628891 -0.0183116 0.111275 -0.181726 0.0848012 0.127646
internal_weight=46.124 37.1921 1.51936 35.6727 2.67999 32.9927 3.74191 29.2508 8.93197 3.33507 5.5969 1.44069 2.35165 5.31957
internal_count=9609 9017 1047 7970 264 7706 105 7601 592 324 268 1043 100 214
is_linear=0
shrinkage=0.2


Tree=47
num_leaves=15
num_cat=0
split_feature=4 30 9 30 30 8 8 3 18 5 29 24 2 6
split_gain=1.03093 1.00816 0.933232 0.929357 2.6587 1.75024 0.00418727 0.00163745 0.000926338 0.000491551 0.000490009 0.000475307 0.000164672 0.000143958
threshold=36.936361656733261 2.5000000000000004 86.687261407734908 43.500000000000007 36.500000000000007 73.229363017855562 98.867727433626314 101.24228581373059 -4.3027786579304026 93.090809718009311 2.5000000000000004 0.21026682144944733 19.428958038392555 5.7836068753321781
decision_type=2 2 2 2 2 2 2 2 2 2 2 2 2 2
left_child=13 6 3 4 -3 -5 7 10 11 -8 -2 -4 -10 -1
right_child=1 2 8 5 -6 -7 9 -9 12 -11 -12 -13 -14 -15
leaf_value=-0.20078234954504226 -0.20991898573712461 0.017370534077805862 -0.21489422792045154 -0.28680699754405775 -0.16128411749731164 0.089903078399728678 -0.26146411986401435 -0.24415711559730929 -0.20210834806186459 -0.24172307934365433 -0.22851700464651087 -0.22879463465934738 -0.21118508494310168 -0.20729938764056369
leaf_weight=0.8259832923358762 0.39674657039722561 28.98953836144392 0.19373982975594117 0.52288345109718548 3.7646602695384663 8.7304947286661427 0.092815235257148743 0.076525137301359791 0.13056643088566389 0.11054282579061692 0.066109388651966583 0.1999437628837768 0.20623579171297024 0.16220438324489805
leaf_count=4022 279 3302 47 217 492 783 1 2 194 32 14 7 59 158
internal_value=0.000145297 0.00473609 0.00875083 0.0126481 -0.00316345 0.0686162 -0.226277 -0.217056 -0.215366 -0.250733 -0.212575 -0.221954 -0.207666 -0.201852
internal_weight=44.469 43.4808 42.7381 42.0076 32.7542 9.25338 0.742739 0.539381 0.730486 0.203358 0.462856 0.393684 0.336802 0.988188
internal_count=9609 5429 5101 4794 3794 1000 328 295 307 33 293 54 253 4180
is_linear=0
shrinkage=0.2


Tree=48
num_leaves=15
num_cat=0
split_feature=18 20 18 14 7 10 22 21 17 15 0 21 5 22
split_gain=1.02252 1.10461 1.78417 1.85755 1.51172 1.53526 1.44935 1.56913 1.3148 1.1519 0.875425 0.944211 0.837199 0.819791
threshold=-13.008501610128922 0.18561863282473381 0.24742470151914378 -7.2474232042207296 74.989039538698577 3.9000361808519828 7.1324507287918175 0.20411374374716831 -4.9311848852569247 12.643232789037073 75.954834600249811 -0.28789966667320849 118.94632988961312 -6.4615311379773805
decision_type=2 2 2 2 2 2 2 2 2 2 2 2 2 2
left_child=10 4 3 -3 5 9 7 -6 -5 -2 -1 -12 -13 -7
right_child=1 2 -4 8 6 13 -8 -9 -10 -11 11 12 -14 -15
leaf_value=-0.21566440667494244 -0.24390238444486423 -0.30519069803963539 -0.18166221062774679 -0.045845816280045186 -0.1637533988748042 -0.26331602638671098 -0.26542343165207616 0.023130495415885754 0.067359273089785218 0.10568986613163733 -0.4123120245095615 0.1649768101542502 -0.13637020003985592 0.12874288884515481
leaf_weight=0.34418104548058082 1.126781291318365 0.64277862976087519 1.7124983805481395 5.4316828006799467 3.3845702037979191 0.2277296169449986 1.7933687907886904 3.831576372620475 16.786850349798435 0.56657718680071401 0.13080637425446173 3.5641628991531893 0.41132798464968789 3.3748769238809473
leaf_count=48 1787 224 2003 603 1608 213 534 302 1459 36 8 162 10 612
internal_value=-8.79957e-05 -0.0104828 0.0152383 0.0299878 -0.0546663 0.030133 -0.104513 -0.0645232 0.0396844 -0.126933 0.0907207 0.116401 0.133798 0.10396
internal_weight=43.3298 38.8793 24.5738 22.8613 14.3055 5.29597 9.00952 7.21615 22.2185 1.69336 4.45048 4.1063 3.97549 3.60261
internal_count=9609 9381 4289 2286 5092 2648 2444 1910 2062 1823 228 180 172 825
is_linear=0
shrinkage=0.2


Tree=49
num_leaves=15
num_cat=0
split_feature=15 20 2 13 20 13 11 5 23 13 3 13 2 10
split_gain=1.00708 1.18109 1.41848 1.3164 1.18404 1.15933 1.56392 2.62001 2.07564 1.98594 1.50079 1.42876 0.99376 1.46896
threshold=12.118069122974697 0.72834515664981592 17.83435427110604 38.482105941361446 1.224558162518367 37.257932079097564 68.859245376745847 90.221516341879934 1.7255957279509935 37.754742475996018 97.933889256380837 38.314356253777618 16.580458274716786 4.9298847666007974
decision_type=2 2 2 2 2 2 2 2 2 2 2 2 2 2
left_child=5 3 4 -2 -3 12 8 10 9 -7 -8 -10 13 -1
right_child=1 2 -4 -5 -6 6 7 -9 11 -11 -12 -13 -14 -15
leaf_value=-0.21590610505443966 0.047131674069383511 0.1856877357874869 0.16642505336748248 -0.16414024827154741 -0.34199335901961736 -0.23573814470665871 -0.23106853578409414 0.14026596948285316 0.15059805056529529 0.056485575256419798 0.11325823683930419 -0.077211418974377152 0.055698346106489174 0.062687025363065793
leaf_weight=1.4966621425269324 4.54081563445345 0.27772990507946804 4.3044098277605372 1.5937255400058346 0.43887064967566403 4.7737110475322897 1.7237945089636917 3.4856145375633787 1.6178653596689399 1.1553855372967516 0.71691542193684643 3.4485261502575213 10.054747494828915 1.5319753521625896
leaf_count=3612 189 5 139 39 24 795 502 157 32 49 182 335 3062 487
internal_value=-0.0001874 0.0511193 0.123051 -0.0077558 -0.137482 -0.0192626 -0.0538303 0.0289885 -0.0984678 -0.178793 -0.129929 -0.00446437 0.0254467 -0.0749854
internal_weight=41.1607 11.1556 5.02101 6.13454 0.716601 30.0052 16.9218 5.92632 10.9955 5.9291 2.44071 5.06639 13.0834 3.02864
internal_count=9609 396 168 228 29 9213 2052 841 1211 844 684 367 7161 4099
is_linear=0
shrinkage=0.2


Tree=50
num_leaves=15
num_cat=0
split_feature=15 3 12 4 22 14 9 1 7 4 18 3 4 3
split_gain=0.902065 0.87733 0.879597 1.12853 1.63876 1.39264 0.656477 0.500536 0.417387 0.172217 0.10716 0.00468084 0.00282246 0.00123931
threshold=21.119810893080146 98.276159325112062 25.118253732531567 37.718303801818642 7.6813461702158472 -1.7282157302457077 53.913393033013243 54.626464733257656 112.46618672427839 37.852223538800025 -13.604385996043101 98.462674304776684 37.499214641950374 101.24228581373059
decision_type=2 2 2 2 2 2 2 2 2 2 2 2 2 2
left_child=1 2 3 5 -5 -1 10 -8 -2 11 -4 12 -3 -13
right_child=8 9 6 4 -6 -7 7 -9 -10 -11 -12 13 -14 -15
leaf_value=-0.16069842515140373 0.2004290271942083 -0.20231305200333838 -0.062635806936598426 0.082403274504934718 -0.11004844944295722 -0.0035297838955221858 0.19614561649798837 -0.10819443234799797 -0.041178885400665312 0.1462559965877874 -0.2537141787924268 -0.20341323831762159 -0.24693212953026569 -0.23164892829438757
leaf_weight=2.5740195387615996 1.2570967273204576 0.072861196514167115 0.13311574980616581 11.112119093372028 2.1051059144574529 18.201648929979918 0.32385812879238063 0.65001906663019327 0.37024175240730972 0.05510691276867874 0.99445443957824786 0.49065469466768263 0.2557945888802351 0.071202056618403731
leaf_count=2621 62 206 5 362 105 4495 14 42 10 9 190 1434 18 36
internal_value=-0.000278258 -0.00668122 -0.00169909 0.0060637 0.0517515 -0.0230023 -0.127269 -0.00698763 0.14546 -0.196849 -0.231156 -0.218081 -0.23704 -0.206991
internal_weight=38.6673 37.04 36.0943 33.9929 13.2172 20.7757 2.10145 0.973877 1.62734 0.945619 1.12757 0.890513 0.328656 0.561857
internal_count=9609 9537 7834 7583 467 7116 251 56 72 1703 195 1694 224 1470
is_linear=0
shrinkage=0.2


Tree=51
num_leaves=15
num_cat=0
split_feature=6 10 13 14 24 0 30 4 6 1 6 30 17 14
split_gain=0.87472 0.766457 1.45327 1.39753 1.74864 1.58547 1.29382 1.28708 1.19162 1.86338 1.01208 0.80922 0.512043 0.735552
threshold=6.9950222706272944 3.7787465984003403 38.135266351330756 5.6342167025464898 0.21883060416193353 90.568795068644334 47.500000000000007 37.125266678935724 4.0835603022190723 65.944892695230536 3.6384882178723519 3.5000000000000004 4.339613123048907 1.0000000180025095e-35
decision_type=2 2 2 2 2 2 2 2 2 2 2 2 2 2
left_child=1 2 3 5 -5 -1 -4 -3 9 -9 -8 -10 -2 -14
right_child=12 7 6 4 -6 -7 10 8 11 -11 -12 -13 13 -15
leaf_value=-0.056468119003112917 0.17498738101235656 -0.21084922808695217 -0.23058198573386413 -0.17831182940499715 0.11710925714114628 0.09173542560029059 -0.24901279589536263 0.051221582829536406 -0.23051042230020721 -0.1944148934436945 0.1372748872871736 0.095513750099358613 -0.27114433844634067 0.19843237732827207
leaf_weight=5.0741935820851776 1.6970153858892438 0.86892015031207748 2.4694587147612306 3.2420789696384409 1.0646344403739929 6.6996267514696228 0.39275452997571825 3.552405616213945 0.31550871579020068 1.8938892422129354 0.87733889293303946 8.7497838778490387 0.28249670918194159 0.25287099834531546
leaf_count=4235 119 1971 166 915 65 826 62 275 25 520 39 362 15 14
internal_value=-0.000215179 -0.0079144 -0.0339119 -0.00779573 -0.105283 0.0278638 -0.146215 0.0255873 0.0397445 -0.0341958 0.0178221 0.0841668 0.121187 -0.0493485
internal_weight=37.433 35.2006 19.8201 16.0805 4.30671 11.7738 3.73955 15.3805 14.5116 5.44629 1.27009 9.06529 2.23238 0.535368
internal_count=9609 9461 6308 6041 980 5061 267 3153 1182 795 101 387 148 29
is_linear=0
shrinkage=0.2


Tree=52
num_leaves=15
num_cat=0
split_feature=18 7 20 27 25 13 6 9 2 0 16 23 7 27
split_gain=0.757417 0.993503 1.66663 1.42291 1.71949 1.17565 1.41288 1.38805 0.954806 1.75089 1.14843 0.651871 0.545889 0.457276
threshold=-11.754558164526133 73.376159871518709 1.0491839338042672 2.5000000000000004 97.209144621484995 37.427411185747921 0.95399863282291053 72.193231726890119 19.207067069962118 73.116090329224349 1.5417522380192354 1.3747225135843881 75.46263112565866 6.5000000000000009
decision_type=2 2 2 2 2 2 2 2 2 2 2 2 2 2
left_child=11 8 5 4 -4 6 -3 -7 9 -2 -11 -1 -5 -13
right_child=1 2 3 12 -6 7 -8 -9 -10 10 -12 13 -14 -15
leaf_value=-0.1287466423591587 -0.22128647836542298 0.14739749383110884 -0.14883966203948595 -0.24032924960909519 0.10939852316848926 -0.088582965353395507 -0.22999102865225518 0.13187231169353977 0.11693377081244355 0.13193804631047509 -0.074110624665470887 0.13110781663883228 0.097875596029772055 -0.058711962953029884
leaf_weight=0.55042374558979545 1.2380620033136454 0.45284639086549061 3.0683169291132781 0.19757484396359348 1.5536125655089561 5.5843328983177116 3.2070266286668812 1.4362283209557061 3.966805263261449 2.6391499275805472 1.8338217389473355 3.4555460639630837 5.6500701567510987 0.59505627479302337
leaf_count=142 2672 241 587 86 128 456 2573 120 748 698 253 174 705 26
internal_value=-0.000222632 -0.0115199 -0.0358071 0.0208983 -0.0620356 -0.091393 -0.183296 -0.0434834 0.0415574 -0.010798 0.0474625 0.0754716 0.0864486 0.103222
internal_weight=35.4289 30.8278 21.15 10.4696 4.62193 10.6804 3.65987 7.02056 9.67784 5.71103 4.47297 4.60103 5.84765 4.0506
internal_count=9609 9267 4896 1506 715 3390 2814 576 4371 3623 951 342 791 200
is_linear=0
shrinkage=0.2


Tree=53
num_leaves=15
num_cat=0
split_feature=15 14 21 7 20 18 20 7 21 3 25 18 17 20
split_gain=0.704574 1.08698 1.17917 1.05892 0.910553 0.867933 0.821884 1.11204 1.45466 0.903536 0.797507 0.793754 0.765543 0.729621
threshold=12.118069122974697 5.1576647683390577 0.24369364218820525 105.18844803944195 -0.9421198584815843 -3.452244566690609 2.884198649853865 92.945212111827757 0.19407705200603334 91.405130201332909 114.5140200442181 -4.140477572265989 -11.337130139479557 1.1476311292007051
decision_type=2 2 2 2 2 2 2 2 2 2 2 2 2 2
left_child=1 6 -3 4 5 -2 7 -1 -9 -8 13 12 -4 -5
right_child=3 2 11 10 -6 -7 9 8 -10 -11 -12 -13 -14 -15
leaf_value=0.046475666044661558 0.045818702648137422 -0.19694690664486583 -0.29671005073736995 -0.24836393006781729 0.11535312207344076 -0.30882360288120375 0.16357869792006194 -0.24401324868721874 0.021380870138300395 -0.15899642262341102 0.1356271832404933 -0.22932764491818236 0.091793620120957778 0.053502101012715346
leaf_weight=13.156059920040216 0.82267131098342361 2.5309836015646843 0.22770873899571631 1.0340668960488986 5.94592169287648 0.41542573637525471 0.41863456051760239 1.3405777597820354 2.1526572775401291 2.0392404614040061 0.50560902105644334 0.50797253813470877 1.8606515149358531 0.46399002350517538
leaf_count=6198 39 1390 3 21 264 36 10 620 141 635 17 150 66 19
internal_value=-0.000158062 -0.0180378 -0.0998045 0.0470037 0.0828619 -0.0731764 0.00390384 0.0198413 -0.0804678 -0.104054 -0.0815636 -0.00510708 0.0494323 -0.154868
internal_weight=33.4222 24.2345 5.12732 9.18768 7.18402 1.2381 19.1072 16.6493 3.49324 2.45788 2.00367 2.59633 2.08836 1.49806
internal_count=9609 9213 1609 396 339 75 7604 6959 761 645 57 219 69 40
is_linear=0
shrinkage=0.2


Tree=54
num_leaves=15
num_cat=0
split_feature=15 1 9 23 22 13 22 22 8 7 21 20 20 20
split_gain=0.632695 0.57642 0.579937 1.23942 1.8261 1.75006 0.839028 1.65114 0.766641 0.205661 0.00219342 0.000834035 0.00018381 0.000108815
threshold=21.119810893080146 84.398771985384073 67.230845698708933 1.6190896354307498 -3.6043462117387715 38.135266351330756 -5.9423052859790806 -2.5005534776117595 94.132584845177462 112.46618672427839 -0.20930894799075259 3.2339039764131976 1.9375289351549798 1.9708304317607166
decision_type=2 2 2 2 2 2 2 2 2 2 2 2 2 2
left_child=1 2 3 4 -1 -5 8 -8 -4 -2 11 -3 -12 -14
right_child=9 10 6 5 -6 -7 7 -9 -10 -11 12 -13 13 -15
leaf_value=0.018094962632803999 0.20020567252001525 -0.2007669737000376 0.1412959166663828 0.10968826435507109 -0.22465668172418438 -0.063053445631899005 -0.2476017458573396 0.018897284907137313 -0.036807754818611531 0.0060969439622413878 -0.20322616183212472 -0.24817548572580891 -0.22028120037591248 -0.20873033969896568
leaf_weight=2.3171909857128403 0.81081754603655898 0.018147413483347918 3.5768529062484111 4.1164546990357831 2.6652991425198813 5.4543428703359496 1.0291499428844915 9.6460188960545423 1.324789658735426 0.29879277547297534 0.25728278033329743 0.081525903970941727 0.043786441179690883 0.1279546831819971
leaf_count=1068 62 113 1032 399 1890 426 614 3058 273 10 530 8 2 124
internal_value=-0.000425069 -0.00579461 -0.00216195 -0.0308684 -0.111761 0.0112438 0.0246582 -0.00679481 0.093159 0.147937 -0.212818 -0.239544 -0.206608 -0.211675
internal_weight=31.7684 30.6588 30.1301 14.5533 4.98249 9.5708 15.5768 10.6752 4.90164 1.10961 0.528697 0.0996733 0.429024 0.171741
internal_count=9609 9537 8760 3783 2958 825 4977 3672 1305 72 777 121 656 126
is_linear=0
shrinkage=0.2


Tree=55
num_leaves=15
num_cat=0
split_feature=4 13 4 19 13 13 15 7 4 13 17 23 24 10
split_gain=0.718312 1.0947 1.94057 0.975182 0.881776 0.829155 0.810265 0.677241 0.742977 0.748971 0.603492 0.495333 0.467466 0.348258
threshold=37.234844732591547 37.189560016655214 37.444918204042459 -3.6048543234185515 37.257932079097564 37.062982840044469 1.8176951236199843 80.681591901658436 37.070953857015994 37.059771987196733 -13.052395212977421 1.7021718393262273 0.24667492272150121 3.91748770617528
decision_type=2 2 2 2 2 2 2 2 2 2 2 2 2 2
left_child=5 6 11 -4 -5 7 -2 8 9 -1 -8 -3 -7 -12
right_child=1 2 3 4 -6 12 10 -9 -10 -11 13 -13 -14 -15
leaf_value=-0.20691739659080766 -0.21323899919493311 -0.23908404830489324 0.16190748657049159 0.17396810028562182 -0.016574314340151799 -0.2312754458864176 -0.20154690333032466 -0.1944625577452854 0.13330206285615417 0.18655242395974059 0.072327029840555307 0.17158503373027989 0.17139977550663618 0.17431494545855769
leaf_weight=0.69289674442041249 0.33830621334618882 1.6484609678757376 1.533027604169553 1.0356793237442605 15.67268388304228 1.3547294632010105 0.24501178413629521 0.64656121702887492 1.342292935592013 0.26849322194630076 2.9018922904961073 0.12649787888949493 0.12604835541787895 2.4870682436467177
leaf_count=3682 178 791 99 27 1414 1229 4 1641 381 13 92 11 8 39
internal_value=-0.000450224 0.01224 -0.0101815 0.0092438 -0.00476341 -0.0748804 0.0873866 -0.0135873 0.0371779 -0.0970307 0.105438 -0.209816 -0.196998 0.119396
internal_weight=30.4197 25.9886 20.0163 18.2414 16.7084 4.43102 5.97228 2.95024 2.30368 0.96139 5.63397 1.77496 1.48078 5.38896
internal_count=9609 2655 2342 1540 1441 6954 313 5717 4076 3695 135 802 1237 131
is_linear=0
shrinkage=0.2


Tree=56
num_leaves=15
num_cat=0
split_feature=6 22 22 15 22 25 24 20 3 30 3 6 5 15
split_gain=0.647171 0.780933 1.02557 0.732495 0.740726 1.30013 0.872965 0.713644 0.694721 0.55988 0.463989 0.64958 0.404465 0.441257
threshold=5.7316269727247962 -7.7879560855607357 -10.010123453315762 -1.4868833545064317 -5.9423052859790806 89.671674547960592 0.18080696546122885 -1.0587855620309712 92.425219802951162 16.500000000000004 96.99384970593934 6.3905821455926732 122.14635418470583 4.6416547174950873
decision_type=2 2 2 2 2 2 2 2 2 2 2 2 2 2
left_child=1 2 8 -3 5 -5 -6 -2 -1 -10 12 -12 13 -9
right_child=7 3 -4 4 6 -7 -8 10 9 -11 11 -13 -14 -15
leaf_value=-0.22688593597980211 -0.13741475746511786 -0.20962803800134819 -0.27020469325263713 0.15738256335376988 -0.092855174173321953 -0.23432802669145172 0.01681381023712409 -0.20683406464338916 -0.19533717814855006 0.072033588305507087 0.12391940007032319 -0.22407350452271629 -0.070979812888299978 0.15834055959871576
leaf_weight=0.57922103311534634 0.62472770388876586 0.63941488827095838 1.0176554660338357 2.4261861800537292 3.7644517866904037 0.39397259199768075 12.691194289523876 0.13804112929665269 0.38659581687488787 1.6518152774287953 0.44973939855685774 0.41031408952039783 0.39370326885546081 3.2149271205698824
leaf_count=41 146 2427 533 202 2862 67 1676 117 428 781 82 64 13 170
internal_value=-0.000455218 -0.01459 -0.0998333 0.000970102 0.00795604 0.102661 -0.00827445 0.0631757 -0.0335981 0.0213253 0.0903782 -0.042101 0.120789 0.143306
internal_weight=28.782 23.5505 3.63529 19.9152 19.2758 2.82016 16.4556 5.23145 2.61763 2.03841 4.60673 0.860053 3.74667 3.35297
internal_count=9609 9017 1783 7234 4807 269 4538 592 1250 1209 446 146 300 287
is_linear=0
shrinkage=0.2


Tree=57
num_leaves=15
num_cat=0
split_feature=4 21 17 18 21 21 27 14 22 7 18 25 22 15
split_gain=0.654609 1.07258 0.862058 0.938959 1.53087 0.860338 0.776381 0.770178 0.650262 0.568983 1.10446 0.815695 0.700899 0.595117
threshold=37.718303801818642 -0.16779090531265692 3.2210471561855845 -4.2169585228980813 -0.14205516355043454 0.3630530141336053 4.5000000000000009 -1.8978709713328639 7.5669377364805621 89.55483550125939 -3.9252776841486354 78.393601141250414 8.6468345861714173 12.643232789037073
decision_type=2 2 2 2 2 2 2 2 2 2 2 2 2 2
left_child=2 -2 3 7 -5 -6 -4 -1 -9 12 11 -11 -3 -14
right_child=1 9 6 4 5 -7 -8 8 -10 10 -12 -13 13 -15
leaf_value=-0.18514849876395878 -0.21535667997918506 0.12616408375924767 0.11347507631981187 0.11609468001693274 -0.24473452057027445 -0.019729984160300154 -0.1809492861188858 0.046707763760041397 -0.091152509661603501 -0.25224716421336463 -0.17495813266846663 0.067669384747698902 -0.19206448836625475 0.18715150569709516
leaf_weight=0.8986876826709248 0.65221889646898112 4.5588921581347641 2.4594468538858787 0.84007846703752687 2.5496375665350164 0.92684779529963623 0.41933241012202405 5.3237023459905668 1.8421471450217266 0.34171856628745345 1.0977767309773305 4.7527409617479179 0.55104936588304543 0.23661282355897129
leaf_count=674 89 236 1694 1067 3209 159 802 770 420 15 200 206 50 18
internal_value=-0.000388927 0.0341651 -0.0279939 -0.0509156 -0.126198 -0.184747 0.0705883 -0.0106204 0.0112676 0.048269 0.00700111 0.0462105 0.0960645 -0.0781484
internal_weight=27.4509 12.191 15.2599 12.3811 4.31656 3.47649 2.87878 8.06454 7.16585 11.5388 6.19224 5.09446 5.34655 0.787662
internal_count=9609 814 8795 6299 4435 3368 2496 1864 1190 725 421 221 304 68
is_linear=0
shrinkage=0.2


Tree=58
num_leaves=15
num_cat=0
split_feature=6 4 14 13 12 1 15 22 4 13 4 17 11 17
split_gain=0.606356 0.801131 1.16923 0.97559 1.34504 0.868481 0.8002 0.749391 0.605286 0.927899 1.80147 0.58517 0.623706 0.502989
threshold=4.0650895768313591 37.408738792873045 4.5362157248033705 37.298990865408676 15.322090793681626 45.754085889878915 4.6416547174950873 -13.127007461311839 37.234844732591547 37.245018527631274 37.633562586381402 1.722726987764901 66.380750973528322 -11.002103896965748
decision_type=2 2 2 2 2 2 2 2 2 2 2 2 2 2
left_child=1 5 3 -3 -5 -1 7 -2 11 -10 -11 12 -8 -7
right_child=6 2 -4 4 -6 13 8 -9 9 10 -12 -13 -14 -15
leaf_value=0.13881715411179363 0.025847816853217798 0.15364029728136031 -0.17209623690030953 0.14243100341924628 -0.084136529904613677 0.052335153173311257 0.077000777393873635 -0.2441108448052805 0.15727339608823243 -0.20616417596079095 0.06347499027749065 -0.22947640129125332 -0.22400593577858441 -0.21942091147769968
leaf_weight=0.40057104733932947 0.84149741339592654 1.8209215468159508 1.4048348870064726 1.4877121726212861 3.5468891420827049 0.3174030039813257 1.1915329934192862 0.8045877824370109 2.9157955978880628 1.1504119871806304 7.1571860604440189 0.57054741167416967 0.35810680410713747 1.9228813198653829
leaf_count=45 467 53 210 187 616 167 145 1185 45 85 290 188 148 5778
internal_value=-0.000640292 -0.0365307 -0.00587462 0.0281875 -0.0171864 -0.13242 0.025461 -0.106105 0.0416912 0.0602051 0.0261361 -0.056314 0.00744103 -0.180919
internal_weight=25.8909 10.9012 8.26036 6.85552 5.0346 2.64086 14.9897 1.64609 13.3436 11.2234 8.3076 2.12019 1.54964 2.24028
internal_count=9609 7056 1066 856 803 5990 2553 1652 901 420 375 481 293 5945
is_linear=0
shrinkage=0.2


Tree=59
num_leaves=15
num_cat=0
split_feature=18 7 3 9 16 21 17 21 11 16 13 7 20 24
split_gain=0.529383 0.709223 0.814268 0.744076 0.715372 0.648509 1.36868 0.620433 0.553992 0.558006 0.891569 0.62143 0.524559 0.44244
threshold=-7.4501894438397036 105.18844803944195 94.777210147613161 65.296388665736075 2.9465957868725279 0.18786245693051742 0.96294082470681996 -0.29877743529259598 74.259719770475897 2.6017154656334438 37.046033631942464 108.46197803983934 1.6384597857223693 0.1765163314588663
decision_type=2 2 2 2 2 2 2 2 2 2 2 2 2 2
left_child=7 2 3 4 -2 6 -4 -1 9 10 -9 -11 -7 -5
right_child=1 -3 5 13 -6 12 -8 8 -10 11 -12 -13 -14 -15
leaf_value=-0.26842139497749395 -0.16143632112584971 -0.17712405494120809 -0.22369139309060526 -0.20718543307084691 0.067379731795225592 -0.045378189680098227 0.025762303693901853 0.1448719656180554 -0.22014193656743211 0.15121812521109385 -0.040609287816398582 -0.026538627995394349 0.096552239247140126 0.16167862415788903
leaf_weight=0.26376062718850235 0.91019572796449155 1.1384251459491554 1.9979452276133982 0.13873734745516264 1.3679132474571813 3.3869571527409335 1.5720411406374522 1.407628714102884 0.31123378264101198 3.0954286182837905 3.9328446652134517 1.0547382800141347 1.5041995086966151 2.0823933574665716
leaf_count=79 367 261 3183 300 33 1073 2693 418 131 198 303 28 283 259
internal_value=-0.000760057 -0.0257725 -0.0124779 0.0562684 -0.0240414 -0.049034 -0.113845 0.0342745 0.0424198 0.0510302 0.0082794 0.106042 -0.00172968 0.138638
internal_weight=24.1644 14.0988 12.9604 4.49924 2.27811 8.46114 3.56999 10.0656 9.80187 9.49064 5.34047 4.15017 4.89116 2.22113
internal_count=9609 8452 8191 959 400 7232 5876 1157 1078 947 721 226 1356 559
is_linear=0
shrinkage=0.2


Tree=60
num_leaves=15
num_cat=0
split_feature=4 13 6 3 6 20 10 22 27 0 4 4 24 4
split_gain=0.488007 0.767105 0.767453 0.616708 0.632392 0.528269 0.466791 0.492065 0.365306 0.351069 0.20482 0.146654 0.136909 0.309478
threshold=37.166300046183906 36.982696712616452 2.4328548258209692 97.961300660096811 2.6342639373496954 1.9375289351549798 3.0415264699796434 1.0365278558404472 1.5000000000000002 80.638757754342393 36.936361656733261 37.852223538800025 0.17003874362700908 37.172052347741285
decision_type=2 2 2 2 2 2 2 2 2 2 2 2 2 2
left_child=5 12 6 4 -4 -1 -3 -8 -7 -10 -11 -5 13 -2
right_child=1 2 3 11 -6 8 7 -9 9 10 -12 -13 -14 -15
leaf_value=-0.22391097468617951 0.20058357943528193 -0.21832856028606798 0.1730617957827576 -0.18839583000760673 0.01002816709050882 -0.222574508141271 -0.21978190366267616 0.046756927684042326 -0.21264148216563147 -0.20303615279978482 0.15832718236062601 0.15910985975616421 0.17805207589397309 -0.21860097737466813
leaf_weight=0.78269247598632574 0.16763899491343437 0.95406275226582993 1.0140846513265902 0.70557482367757884 15.465586107391912 0.24340140220783701 0.39828006457173593 0.91022361188743162 0.15684017395369665 0.070163895459700143 0.59296678340251674 0.052168606707709841 1.1744657851922964 0.12151646947040717
leaf_count=5374 4 456 95 382 1664 418 252 180 436 170 100 11 41 26
internal_value=-0.00062582 0.00805527 -0.00242619 0.0119487 0.0200605 -0.0992068 -0.111941 -0.0343717 -0.00741859 0.0564486 0.120092 -0.164471 0.147701 0.0244229
internal_weight=22.8097 20.9636 19.5 17.2374 16.4797 1.84606 2.26257 1.3085 1.06337 0.819971 0.663131 0.757743 1.46362 0.289155
internal_count=9609 3111 3040 2152 1759 6498 888 432 1124 706 270 393 71 30
is_linear=0
shrinkage=0.2


Tree=61
num_leaves=15
num_cat=0
split_feature=6 30 12 4 22 9 24 12 21 12 9 20 23 14
split_gain=0.475317 0.712327 0.565795 0.996259 0.756734 0.632116 0.525847 0.783223 0.806381 0.548227 0.519719 0.500044 0.475833 0.36299
threshold=3.7827054714963499 48.500000000000007 15.322090793681626 37.555637523254411 -4.2724794364086902 74.904860025156395 0.19752273123429651 24.662105500599903 -0.17878049602457222 11.928872903376247 73.053420824973429 1.5172984461309575 1.7593158025621387 4.1328907697130726
decision_type=2 2 2 2 2 2 2 2 2 2 2 2 2 2
left_child=2 6 3 -1 -4 10 9 8 -8 -2 -6 -9 -11 -5
right_child=1 -3 4 13 5 -7 7 11 -10 12 -12 -13 -14 -15
leaf_value=-0.20861299099899872 0.13329845775375596 0.1294204503687868 -0.21700974318863595 0.17354356082659234 -0.040452424968820455 -0.22874144177561637 -0.22779702471151331 -0.18399390713787928 0.076257232767142816 -0.11128010749308276 0.14728388326897468 0.095665808851858422 0.11735953638131708 -0.17821130369216495
leaf_weight=0.42998828479528839 0.53098468578673319 2.0673615410610173 1.1447987788027951 1.2416351045726512 3.3828044390315872 0.59242193487307293 0.36914730315402255 0.96026244231256874 6.3604023834809578 3.1251594156097444 0.71440235502188887 0.3485833121703763 0.41210353224050766 0.12959585003864038
leaf_count=2495 179 445 1087 85 1705 864 96 74 514 1766 203 27 44 25
internal_value=-0.000749661 0.0209211 -0.0409769 0.0570065 -0.0712266 -0.0356391 0.00239346 0.0320463 0.0595784 -0.0561973 -0.00771811 -0.109512 -0.0846428 0.140299
internal_weight=21.8097 14.174 7.63565 1.80122 5.83443 4.68963 12.1066 8.0384 6.72955 4.06825 4.09721 1.30885 3.53726 1.37123
internal_count=9609 3145 6464 2605 3859 2772 2700 711 610 1989 1908 101 1810 110
is_linear=0
shrinkage=0.2


Tree=62
num_leaves=15
num_cat=0
split_feature=18 13 15 4 13 27 21 21 6 14 5 15 1 14
split_gain=0.431565 0.567563 0.566349 0.510121 0.783528 0.467725 0.527195 0.399005 0.264827 0.310826 0.219749 0.154197 0.12263 0.119594
threshold=-13.604385996043101 38.571032882055597 19.342304333574678 38.75665327699312 38.314356253777618 1.5000000000000002 0.24011173593794413 -0.010386203943138382 3.5203787116557606 10.584777958852309 79.379657278475946 10.885213757044943 26.972947277358088 9.9390211328913853
decision_type=2 2 2 2 2 2 2 2 2 2 2 2 2 2
left_child=7 2 3 4 -2 6 12 8 -1 -10 11 -9 -3 -7
right_child=1 5 -4 -5 -6 13 -8 10 9 -11 -12 -13 -14 -15
leaf_value=-0.24106044005985577 -0.00048711544968098406 0.19717465885127725 0.19310454123593188 0.18077185980233551 -0.18280531400267863 -0.21094722535616289 0.1761066019333517 -0.21349847452206006 0.17942712696415372 -0.22005051433568679 0.17539244526295109 0.20013761029238594 -0.21580971592698717 0.024326312204000122
leaf_weight=0.19646085974181926 14.600049735480473 0.031982303577932636 0.59554891388688602 0.56751950609032142 1.0079707202030483 1.0746535630257765 0.37466931049857521 0.10632952748165059 0.23779590030972031 0.1158739121601684 1.2228059548801864 0.054540898068808019 0.28545434409102199 0.09397934872913527
leaf_count=28 8967 4 50 12 76 199 18 22 25 5 99 11 80 13
internal_value=-0.000729817 -0.0100637 0.00156343 -0.0054887 -0.0122613 -0.11486 0.015437 0.0891999 -0.0548779 0.0485451 0.146483 -0.0732609 -0.174201 -0.192027
internal_weight=20.5656 18.6318 16.7711 16.1755 15.608 1.86074 0.692106 1.93381 0.550131 0.35367 1.38368 0.16087 0.317437 1.16863
internal_count=9609 9419 9105 9055 9043 314 102 190 58 30 132 33 84 212
is_linear=0
shrinkage=0.2


Tree=63
num_leaves=15
num_cat=0
split_feature=19 30 12 2 12 21 24 9 13 19 21 24 30 30
split_gain=0.348547 0.505053 0.346925 0.707174 0.828488 0.566374 0.554005 0.407833 0.310571 0.26165 0.229501 0.249233 0.153761 0.0144486
threshold=0.67912407649774587 52.500000000000007 25.118253732531567 21.517475368258882 19.008679677374698 0.51023099690505813 0.19033960576021236 33.363876042328087 38.135266351330756 -2.9386395411315331 0.3630530141336053 0.31340893435625494 53.500000000000007 40.500000000000007
decision_type=2 2 2 2 2 2 2 2 2 2 2 2 2 2
left_child=2 -2 3 4 6 -6 -1 13 -4 -9 11 -10 -3 -5
right_child=1 12 8 7 5 -7 -8 9 10 -11 -12 -13 -14 -15
leaf_value=-0.029460086741310544 -0.20890902037927839 0.19633524788594314 0.20080507510391393 -0.13869577530345001 -0.16666785218531716 0.12208347738105921 0.064316932553010547 0.19155890614605872 -0.21837236610096428 0.066515325849525256 0.12062485215973445 0.022594800908311327 -0.20269116392496167 -0.2424954948154146
leaf_weight=5.8922768861304551 0.6840235894968022 0.20606641742369902 0.12571962387300928 0.10028114815759082 1.8734747550325885 0.31780896199052211 4.4027695562294866 0.79898135350777 0.75829390303312016 4.1257926067198696 0.12832074322068365 0.22194468479892748 0.047539732775135235 0.11533218291697267
leaf_count=4657 2560 19 6 7 813 10 645 79 160 377 14 24 224 14
internal_value=-0.000514537 -0.119532 0.00540212 0.0125798 -0.0131234 -0.124789 0.0106445 0.0750146 -0.0971027 0.086802 -0.130888 -0.163813 0.121536 -0.194219
internal_weight=19.7986 0.93763 18.861 17.6267 12.4863 2.19128 10.295 5.14039 1.23428 4.92477 1.10856 0.980239 0.253606 0.215613
internal_count=9609 2803 6806 6602 6125 823 5302 477 204 456 198 184 243 21
is_linear=0
shrinkage=0.2


Tree=64
num_leaves=15
num_cat=0
split_feature=10 14 6 30 14 5 19 20 4 12 11 4 4 11
split_gain=0.392723 0.565876 0.529063 0.521889 0.499427 0.471888 0.711479 0.505635 0.459483 0.499573 0.378107 0.504752 0.377281 0.392461
threshold=4.9910646005586541 2.3985526052928141 5.4629288821666542 29.500000000000004 5.7505183326177027 74.396342563755951 -2.3707783771086892 0.45735393530842933 37.251099128630948 17.399540844326147 70.797441394991708 37.901769783463699 37.351558035932591 45.520432143976137
decision_type=2 2 2 2 2 2 2 2 2 2 2 2 2 2
left_child=2 -2 3 5 -4 7 -7 -1 -5 -10 11 -6 13 -3
right_child=1 12 4 8 10 6 -8 -9 9 -11 -12 -13 -14 -15
leaf_value=-0.2137991193757216 -0.051833288466989119 0.18221551158356752 0.12147614473851386 -0.20909555062244106 -0.20860307640866399 0.033303054807544419 -0.15516808332552187 0.10218464581004863 0.089405916734151242 -0.028335707221069612 0.13123413322302907 0.053768588944565071 0.15935196318117564 -0.21199264071392354
leaf_weight=0.25946442616083387 1.1684233487667364 0.17052760881142637 1.955744355664023 0.3786305646826803 0.63531196898554732 1.0573458959365774 3.3070097023062321 0.92374073206167395 2.3777599804719785 3.6605554577482167 0.43188706371449814 0.54480735334527708 1.8167416427838814 0.2478359777460355
leaf_count=1103 704 12 398 2160 118 127 2893 723 339 512 76 50 134 260
internal_value=-0.000571808 0.0609578 -0.0140546 -0.0342111 0.0535408 -0.0791358 -0.109507 0.0328927 0.00462703 0.0180284 -0.0288809 -0.087478 0.11992 -0.0513109
internal_weight=18.9358 3.40353 15.5323 11.9645 3.56775 5.54756 4.36436 1.18321 6.41695 6.03832 1.61201 1.18012 2.23511 0.418364
internal_count=9609 1110 8499 7857 642 4846 3020 1826 3011 851 244 168 406 272
is_linear=0
shrinkage=0.2


Tree=65
num_leaves=15
num_cat=0
split_feature=16 13 18 14 21 18 4 10 17 6 14 4 17 8
split_gain=0.354787 0.732973 0.51717 0.462608 0.48703 0.452895 0.445002 0.419512 0.439853 0.411015 0.390415 0.312037 0.309468 0.274145
threshold=3.0295172807436743 38.482105941361446 -3.9252776841486354 5.1576647683390577 0.24369364218820525 -3.1867829952862006 37.177279719605231 3.7787465984003403 -11.337130139479557 5.7316269727247962 4.8196038366882101 37.80793213971284 -3.9496212028287299 79.189425386644842
decision_type=2 2 2 2 2 2 2 2 2 2 2 2 2 2
left_child=3 2 6 9 -5 -4 -2 -6 -9 10 11 -1 -3 -8
right_child=1 12 5 4 7 -7 13 8 -10 -11 -12 -13 -14 -15
leaf_value=-0.052075897842156417 -0.2142149020410094 0.1121003442925108 -0.20849855929882058 -0.17906453442930698 -0.13911469983981092 0.052813441170252828 -0.18501876565037106 -0.24192478028950104 0.13412105289676265 0.12032839786983721 0.13642659817927563 0.030355832752733999 -0.14940679377879879 0.16542819322391697
leaf_weight=5.3863065454600587 0.13934243066796614 0.22546967852667876 0.36377974351671583 1.3105203303879585 0.62836144356890578 0.9800166394729779 0.092633048770949578 0.14851619992623455 0.76681788421137753 1.0496636455907253 0.65575232812511863 2.7874599619342462 0.91802747793008144 2.472957843935319
leaf_count=6837 26 17 12 1390 146 113 5 4 69 286 135 346 43 180
internal_value=-0.000510162 0.0435526 0.0834878 -0.0184774 -0.0893995 -0.0179265 0.13387 -0.0132783 0.0731063 0.00201285 -0.0120526 -0.0239646 -0.097844 0.152775
internal_weight=17.9256 5.19223 4.04873 12.7334 2.85422 1.3438 2.70493 1.5437 0.915334 9.87918 8.82952 8.17377 1.1435 2.56559
internal_count=9609 396 336 9213 1609 125 211 219 73 7604 7318 7183 60 185
is_linear=0
shrinkage=0.2


Tree=66
num_leaves=15
num_cat=0
split_feature=1 10 13 4 13 17 17 21 29 13 4 4 6 6
split_gain=0.308668 0.287655 0.369692 0.895835 0.691534 0.459554 0.411856 0.343221 0.171785 0.0062982 0.00905885 0.0225413 0.000210565 0.000109973
threshold=84.398771985384073 7.4151727912804315 38.314356253777618 37.901769783463699 37.571669268117766 3.5133156661587397 0.47383590281955185 -0.22067230787946809 3.5000000000000004 37.291702557740138 37.745286722079506 37.351558035932591 1.5911896982655711 1.5652282230924623
decision_type=2 2 2 2 2 2 2 2 2 2 2 2 2 2
left_child=1 2 3 4 -1 6 -4 -5 -7 10 11 -3 13 -2
right_child=12 9 5 7 -6 8 -8 -9 -10 -11 -12 -13 -14 -15
leaf_value=0.0066928028674293778 -0.20913571909766177 -0.20103422151183012 -0.071648579724278669 -0.25753125228020146 -0.16523521729035284 0.047525929922176066 0.10419154221132543 0.1417000506483396 -0.23770548765427871 0.19903297012718413 0.20033039860323898 0.20016523748501372 -0.2033376409768485 -0.22197789199280585
leaf_weight=9.7310375785743108 0.063263625395164946 0.0097498069408165078 1.831194363721323 0.089550040662288999 1.0353600165790329 0.097385430623034952 0.75144913894962417 2.2593978318545842 0.63634414725274269 0.28228981412939902 0.027081246342277154 0.013166319578886032 0.17288928954184257 0.04611573564397986
leaf_count=7832 109 42 242 1 338 13 87 160 94 20 2 1 665 3
internal_value=-0.000277706 0.00321453 -0.000511034 0.0145741 -0.00984081 -0.0601687 -0.0204859 0.12648 -0.199848 0.187445 0.122018 0.0294725 -0.207682 -0.21455
internal_weight=17.0463 16.764 16.4317 13.1153 10.7664 3.31637 2.58264 2.34895 0.73373 0.332287 0.0499974 0.0229161 0.282269 0.109379
internal_count=9609 8832 8767 8331 8170 436 329 161 107 65 45 43 777 112
is_linear=0
shrinkage=0.2


end of trees

feature_importances:
Column_4=78
Column_13=71
Column_6=69
Column_15=66
Column_18=64
Column_21=59
Column_20=39
Column_12=37
Column_3=35
Column_10=35
Column_22=30
Column_24=30
Column_14=27
Column_1=26
Column_19=26
Column_7=24
Column_9=24
Column_16=22
Column_23=22
Column_30=22
Column_2=21
Column_17=21
Column_0=20
Column_11=17
Column_5=14
Column_8=14
Column_27=11
Column_25=10
Column_29=3
Column_28=1

parameters:
[boosting: gbdt]
[objective: binary]
[metric: binary_logloss]
[tree_learner: serial]
[device_type: cpu]
[data_sample_strategy: bagging]
[data: ]
[valid: ]
[num_iterations: 500]
[learning_rate: 0.2]
[num_leaves: 15]
[num_threads: 6]
[seed: 42]
[deterministic: 0]
[force_col_wise: 0]
[force_row_wise: 0]
[histogram_pool_size: -1]
[max_depth: 5]
[min_data_in_leaf: 10]
[min_sum_hessian_in_leaf: 0.001]
[bagging_fraction: 0.9]
[pos_bagging_fraction: 1]
[neg_bagging_fraction: 1]
[bagging_freq: 0]
[bagging_seed: 400]
[bagging_by_query: 0]
[feature_fraction: 0.7]
[feature_fraction_bynode: 1]
[feature_fraction_seed: 30056]
[extra_trees: 0]
[extra_seed: 12879]
[early_stopping_round: 0]
[early_stopping_min_delta: 0]
[first_metric_only: 0]
[max_delta_step: 0]
[lambda_l1: 0]
[lambda_l2: 0]
[linear_lambda: 0]
[min_gain_to_split: 0]
[drop_rate: 0.1]
[max_drop: 50]
[skip_drop: 0.5]
[xgboost_dart_mode: 0]
[uniform_drop: 0]
[drop_seed: 17869]
[top_rate: 0.2]
[other_rate: 0.1]
[min_data_per_group: 100]
[max_cat_threshold: 32]
[cat_l2: 10]
[cat_smooth: 10]
[max_cat_to_onehot: 4]
[top_k: 20]
[monotone_constraints: ]
[monotone_constraints_method: basic]
[monotone_penalty: 0]
[feature_contri: ]
[forcedsplits_filename: ]
[refit_decay_rate: 0.9]
[cegb_tradeoff: 1]
[cegb_penalty_split: 0]
[cegb_penalty_feature_lazy: ]
[cegb_penalty_feature_coupled: ]
[path_smooth: 0]
[interaction_constraints: ]
[verbosity: -1]
[saved_feature_importance_type: 0]
[use_quantized_grad: 0]
[num_grad_quant_bins: 4]
[quant_train_renew_leaf: 0]
[stochastic_rounding: 1]
[linear_tree: 0]
[max_bin: 255]
[max_bin_by_feature: ]
[min_data_in_bin: 3]
[bin_construct_sample_cnt: 200000]
[data_random_seed: 175]
[is_enable_sparse: 1]
[enable_bundle: 1]
[use_missing: 1]
[zero_as_missing: 0]
[feature_pre_filter: 1]
[pre_partition: 0]
[two_round: 0]
[header: 0]
[label_column: ]
[weight_column: ]
[group_column: ]
[ignore_column: ]
[categorical_feature: ]
[forcedbins_filename: ]
[precise_float_parser: 0]
[parser_config_file: ]
[objective_seed: 16083]
[num_class: 1]
[is_unbalance: 0]
[scale_pos_weight: 1]
[sigmoid: 1]
[boost_from_average: 1]
[reg_sqrt: 0]
[alpha: 0.9]
[fair_c: 1]
[poisson_max_delta_step: 0.7]
[tweedie_variance_power: 1.5]
[lambdarank_truncation_level: 30]
[lambdarank_norm: 1]
[label_gain: ]
[lambdarank_position_bias_regularization: 0]
[eval_at: ]
[multi_error_top_k: 1]
[auc_mu_weights: ]
[num_machines: 1]
[local_listen_port: 12400]
[time_out: 120]
[machine_list_filename: ]
[machines: ]
[gpu_platform_id: -1]
[gpu_device_id: -1]
[gpu_device_id_list: ]
[gpu_use_dp: 0]
[num_gpu: 1]

end of parameters

pandas_categorical:null
